Reviewer Name,Review Date,Star Rating,Review Text,Total Reviews by Reviewer,Total Photos by Reviewer,Is Local Guide,Number of Images,Image URLs,Price per Person,Food Rating,Service Rating,Atmosphere Rating,Recommended Dishes
K. Peake,5 months ago,5,"This was a fantastic pub to go for a drink, positioned suitably in New Street station with a large glass building easy to find! The design is beautiful with different lights on the ceiling, accompanied by patterns and train frames on the walls. The counter is well-presented and the staff were friendly, serving me a bottle of Budweiser that I enjoyed at comfy seating on a clean table!",655,3190,True,4,"https://lh5.googleusercontent.com/p/AF1QipNWiD6v0qqD4JzBSSMpdaeZwkCcm-q9awFKWA7j=w450-h338-p-k-no,https://lh5.googleusercontent.com/p/AF1QipN-kVIj86nIDHamggL1mpUK3fZP8aLN3EafaAXd=w450-h338-p-k-no,https://lh5.googleusercontent.com/p/AF1QipNc0weJ_7rRzz0Y7CziKUXOBN7tLRRdA8LrEU9W=w450-h338-p-k-no,https://lh5.googleusercontent.com/p/AF1QipPS8EZhupdVeTKY55FqVO0Gjj9lQCGqNXCA9bog=w450-h338-p-k-no",Not found,Not rated,Not rated,Not rated,Not found
Paul Bobo,a month ago,3,"Pretty good for a spoons.
Huge venue with a big bar.
Good choice of beers, nice atmosphere and clean toilets.
Impressive for a train station pub",1449,11735,True,4,"https://lh5.googleusercontent.com/p/AF1QipNs_p_WNPf-NMACW3bdHr7q29P4AAQ1UJp0yd36=w450-h338-p-k-no,https://lh5.googleusercontent.com/p/AF1QipNEJBDPO9WiHyY8P8IzXGtVEjiPNy7ry_s6ZLYc=w450-h338-p-k-no,https://lh5.googleusercontent.com/p/AF1QipP2Pha7ST_UECb1r0QLeKMRE3GfUqBaetLjxnP5=w450-h338-p-k-no,https://lh5.googleusercontent.com/p/AF1QipMBRgV7xmz-GwiIUheJ0bxPNZjrzT0T3S_WXu4l=w450-h338-p-k-no",£1–10,Not rated,4,3,Not found
Martin B,a week ago,5,"An excellent Spoons, Breakfast was top notch, laidback vibe with efficient service, and unlimited refills for hot drinks. This was my first visit and I will definitely return upon my next visit to Birmingham.",65,25,True,1,https://lh5.googleusercontent.com/p/AF1QipPC42rGi2SX7n6TR5vGZE2GbYirRUU_5tB8tKNT=w900-h675-p-k-no,£1–10,5,5,5,English Breakfast
Chris Durrant,5 days ago,1,First time in this wetherspoons. First thing that stands out is everything more expensive that other spoons. The service was beyond slow and the place was crawling with small fruit flies. Go to another wetherspoons in Birmingham they are far better and that's saying something,63,34,True,2,"https://lh5.googleusercontent.com/p/AF1QipPsgK3qSMl_1W34L2G6vHslvqEaY88dLsWyHoz0=w450-h675-p-k-no,https://lh5.googleusercontent.com/p/AF1QipN96pHe4PcCPo3cp2v1i8V3v6H-1SzO-lMNvfPl=w450-h675-p-k-no",Not found,1,1,1,Not found
Dan Wyatt,2 days ago,2,"Nice pub. Nice decor. Especially how they've made the bar look like an old railway station.

As its a Spoonies there's a good selection from the menu and a huge selection of drinks and its reasonably priced

However, on our visit it was very clear that they were short staffed. Very short staffed.

Table service via the app was taking up to an hour. Tables full of dirty plates and glasses.

Worse still, there was clearly an issue in the Gents toilets where the floor was flooded.",37,12,True,0,,£50–60,3,1,3,Not found
videovandal,a week ago,5,"I absolutely love going for after work beers in here, the food is reasonably priced and they have a great selection of beers too.
The best thing about visiting this pub is that the staff are really friendly and welcoming and Meghan in particular is always a shining example of how a beer should be delivered to a table, she always has a warm smile and the most incredible banter and it's always a pleasure to see her happy smiley face after a tough day at work. Give her a raise!",2,No photos count,False,0,,£40–50,5,5,5,Not found
chris piearce,4 days ago,1,"Start with a positive,It's pretty decent looking for a spoons. Now tge negative, The bar staff are useless. Counted 10 behind the bar, 3 staff serving 1 person for 10 baby guiness. The rest just looking off into the distance. Like a scene from the walking dead. Ended up leaving without drink or food. Need a bar manager to liven up the deceased working there.",17,1,True,0,,Not found,Not rated,1,2,Not found
Likitha Peram,2 months ago,5,one of the prettier pubs in birmingham. the pub is very well maintained and clean. the atmosphere is welcoming and even the staff seems to have a good time. i got some dinner and drinks with my friends on the way to london and Dana (i believe) was serving us and was an absolute delight. the food was brought out promptly and the drinks too. she was extremely patient and fulfilled all our requests. she was so bright and cheerful as well. i think this place is a nice spot to have a nice quick meal before you catch a train,1,No photos count,False,0,,£1–10,4,5,4,"Southern-Fried Chicken Strips Basket, Freshly Battered Cod and Chips, Burger"
Laura Edmomds,2 months ago,5,"Visited the pub yesterday before catching my train, much nicer than my local Wetherspoon. Ordered on the app and service was fast. The girl that served me (Dana) both food and drinks who was so polite and walked around with a constant smile on her face with was lovely to see the high standard of customer care.",1,No photos count,False,0,,Not found,5,5,5,Not found
David Ellis,10 months ago,3,"Great setup with the live train times on display, prices were competitive, bearing in mind the location, toilets were clean but...

Not sure how much customer service training has taken place, i appreciate it's only opened recently. It was totally disorganised behind the bar with three people serving a one small section of the long bar, while customers stood at the far end, being ignored.  They had ran out of one of the cask ales, but no one thought to remove the sign, I heard three people ask for it while i was at the bar.

I suggested to the bar staff that they might want to tell the people up the far end of the bar, to come down to be served, and this was met with a ""not my job, I only work Fridays"" attitude.

I presume the man speed walking around, cutting in front of customers, without even acknowledging them, was a supervisor or similar? I guess if he was providing the training, it would explain a lot.

Food was good, plates on our table for an hour until we moved them onto the side was not good. No one checked in on us.

It sounds petty, but I'm not expecting the moon on a stick, just half decent service. Granted it was a fairly busy evening, but there were a lot of staff, so no excuses really.

Good job I like a head on my beer too!!",52,11,True,1,https://lh5.googleusercontent.com/p/AF1QipM9nJacWNJkn8h0RQT-3BbwBC8v9LNyYCzUZ4sY=w900-h675-p-k-no,Not found,Not rated,Not rated,Not rated,Not found
Olivia Grace,2 days ago,5,"Glad to say I enjoy my experience every time I visit this Wetherspoons. Rosie either on the floor or behind the bar always greets customers with a smile and good manners, she is quick to resolve situations and very attentive.",1,No photos count,False,0,,Not found,5,5,5,Not found
Bradley Skinsley,3 weeks ago,5,"Great weekend in Birmingham, visited this pub and was pleasantly surprised by the quality compared to my usual london pubs. The service was amazing, Dana served me both food and drinks, she even when the extra mile to get me a lemon for my scampi as it did not arrive with my order. Overall a lovely place with great staff!",3,No photos count,False,0,,Not found,4,5,5,Not found
Corina Banu,a month ago,5,"Visited this a bit ago and had the most pleasant experience. Typical of what you'd expect from a Spoons pub but I had the nicest and most wonderful lady serve me. Her name was Dana and she was very polite, accomodating and made sure I had an amazing time at the pub. Looking forward to going back ✨",16,No photos count,True,0,,Not found,5,5,5,Not found
Christopher Jones,3 months ago,2,"Bar staff having their own conversations or polishing bottles & ignoring people waiting to be served, & when I said to one of these young women any chance of serving me she had to finish her conversation then asked me what I wanted. I asked for a pint of ale & a double brandy & lemonade, She went over to the till & then asked me again what I wanted, she then said they hadn't got any brandy. At that point I said forget it & left. A pub with no brandy??? Not my first bad experience with this pub.",4,No photos count,False,0,,£10–20,Not rated,1,3,Not found
Tayeed MacPherson,2 months ago,2,"Stopped for a quick lunch before boarding a train but it ended up anything but quick. On scanning the QR code a big green button popped up saying ‘CONTINUE’ on following the instruction & giving my credit card detail a message popped up saying I’d signed up to a singles dating website!!!! I managed to find a waiter who explained that those adverts pop up all the time & I just have to ignore them… I should have left there & then but I was tired & hungry, I did order food but it was the worst ever, sticking to Leon in future ☹️",4,2,False,0,,Not found,1,2,3,Not found
Falafel Guy,a month ago,5,"Travelled into Birmingham with my son and we were happy to see a Wetherspoon in the station, that wasn't there when we last visitied.
I particularly wanted to highlight the delightful young lady that helped us, Dana.
She helped us navigate the menu properly, because my son has a few dietry requirements, so showing us through the screen that contained all the extra information really helped us and made our whole experience so much better and definigel quicker than if I were trying to find it all myself.
She was not only patient with us but so lovely with my boy, he even asked me to find her so we could say goodbye as we left.
I really appreciate the effort that was put in to make our experience as pleasant as it could be.",1,No photos count,False,0,,Not found,5,5,5,Not found
Shreya yadev,3 months ago,1,"Worst experience in a restaurant ever. We ordered drinks to the table which were very delayed and the bar staff failed to bring all of what was ordered, after we repeatedly went up to the bar asking where the drinks were. The duty manager (long blonde hair ponytail) then came to our table claiming that he’s watched the camera’s and seen all the drinks ordered to the table although we had receipts which he refused to look at. He argued with us for 10 minutes although we had done nothing wrong and just wanted the drink which we had paid for. He then got security to kick us out ?!! Terrible service. There’s also cameras in the girls toilets… very odd.",1,No photos count,False,0,,Not found,Not rated,Not rated,Not rated,Not found
Paul Devivo,11 months ago,5,"Enjoyed it very much. Classy Wetherspoons pub, smack inside Birmingham New Street Station. Bit pricey for a Spoons, but it is central and in prime position.",974,2689,False,4,"https://lh5.googleusercontent.com/p/AF1QipOBFHDgNCRezJhb_sGoPO5lQfbtBwBSNxNT6QDd=w450-h338-p-k-no,https://lh5.googleusercontent.com/p/AF1QipPie6VyjEuWH7Kc0XB1XsRbH6350kyMkpsLFTEt=w450-h338-p-k-no,https://lh5.googleusercontent.com/p/AF1QipPprDtM8hIkL2ZscpebpI-Zk3y0OctrJbq29c3l=w450-h338-p-k-no,https://lh5.googleusercontent.com/p/AF1QipM7S5Z3MWwCUG-O6-ZtFmC-SIQWqupx2rp64pT4=w450-h338-p-k-no",Not found,Not rated,Not rated,Not rated,Not found
Jack Sullivan,10 months ago,5,This spoons located just in the station was brilliant. The pizza came quick and was up to my standards! The drink was tasty too. Worth the extra money as I couldn’t be bothered to walk up to the other spoons.,49,9,False,1,https://lh5.googleusercontent.com/p/AF1QipOxviW1yAU-JyerkiQuDhplBcwILCPcVD_gIIEq=w900-h675-p-k-no,Not found,Not rated,Not rated,Not rated,Not found
Alan Lawton,a week ago,1,"Ordered food with a hot drink, food turned up after 30 minutes, we are fine with that, still waiting for a cup so I can have a drink, it’s only be a hour since ordering, asked three members of staff, all replied, that’s someone else’s job, they are running behind",2,No photos count,False,0,,£1–10,4,1,3,Not found
Charlotte Francis,2 months ago,5,"Always visit on my visits to and from uni, the atmosphere is great and pints always well served, it’s clear the staff really care about creating a relaxing atmosphere despite the hustle and bustle of new street station. I’ve had a few experiences with Amber who I believe is a manager, she is fantastic at her position always happy smiling and chatting!",6,No photos count,False,0,,£10–20,5,5,5,English Breakfast
Malvern Junction,3 months ago,5,Great station pub for a few drinks for the evening suitable place at the station. Great station atmosphere themed pub love it.,31,19,True,4,"https://lh5.googleusercontent.com/p/AF1QipO1sobBYTBNGiBZoYNCZ_-qGO52IJnaLDmA0f4r=w450-h338-p-k-no,https://lh5.googleusercontent.com/p/AF1QipPlTo5rAeQwwKnWpAqNnT-DOMEZAd5cVOlyoqDI=w450-h338-p-k-no,https://lh5.googleusercontent.com/p/AF1QipMpF8gZtltFNoBnaklz8ty4jzxpCPzea0jmQe1B=w450-h338-p-k-no,https://lh5.googleusercontent.com/p/AF1QipP-lFdj52nhiiVotN15ARhl8AuJbySY_ut94mGx=w450-h338-p-k-no",£10–20,5,5,5,Freshly Battered Cod and Chips
gita c,a month ago,1,"Ordered food at the bar as wanted to make sure I will get egg -well done,meaning not runny inside.waiting for more than 30 minutes ,had 2 coffees by that time. Egg came runny inside .When I went to speak to coordinator or what ever his position was he requested well done egg. Unfortunately egg qas exactly the same . I said to him thus is not well done egg and the reply was that I will not get better well done than this. No apology nothing pure rudness.  All you need to do is to press on the York and if a chef doesn't know this than I'm worried . I won't go there again",30,No photos count,False,0,,Not found,2,2,4,Not found
Rosie Jane,2 months ago,5,"Had a stupendous day out with the girlies and ended up here spontaneously. Chloe and Megan, two blonde girls, who were on the floor handing me over my boneless basket, were fantastic. So accommodating and felt very at home. Daisy, i think, was the manager on. She was also fantastic, think she banged her head though at work which was unfortunate but continued to tell me how she did it a lot on holiday. Everyone was great. Will be returning. x",2,No photos count,False,0,,Not found,5,5,5,Not found
Emma,4 months ago,1,"+ Only positive is the interior design.
Never had such a bad experience in a weatherspoons. Asked for table to be cleaned as we wanted to sit at a booth. We were told they would send someone to clean it. No one did. The food that took a while to come out and came out cold, was literally served OVER dirty plates and cups. I had asked 3 times before we got the food, but most of the staff were just gossiping at bar. It was pretty vacant so think they just took it as a break. They even left some of the dirty glasses. Some food was missing and when was brought to the table after was partially frozen. Honestly gave up at that point. (25th June @11:45)",12,2,True,0,,Not found,1,1,2,Not found
Antony Murrell,a month ago,4,Visit the pub/restaurant with group of friends.  Was pretty busy and the severe seems pretty rushed off her feet.. but had a smile and was super friendly.  We had an incident with a drink and she brought over tissue..  food was alright but Severe made up for it..  thank u Dana,15,No photos count,False,0,,Not found,3,5,5,Not found
Jayden Parkes,2 months ago,5,"Popped in after a long day at work and drinks came much faster then anticipated, our server was a lovley bloke named Richard, service came with a smile let us know what he was serving to us and said to let him know if we need anything. Really went above and beyond to make our experience the best it could be 10/10 would recommend",1,No photos count,False,0,,£10–20,5,5,5,Not found
BrummyVlogs,5 months ago,1,"Beans on toast for breakfast. Simple, tasty, filling.

Not here. bean portion is meager at best. beans themselves are tasteless. bread was barely warm, let alone toasted. no idea how you can screw up something as simple as beans on toast but this lot managed it with ease",5,No photos count,False,0,,£1–10,1,2,2,Not found
Isabella Chadwick,3 months ago,1,"Genuinely one of my worst experiences out. My friends and I nipped in to have a few drinks, we sat and ordered and waited. the drinks were delayed (taking about 20 minutes each time, no problem it’s busy that’s fine) but when we went up to the bar to ask where they were they claimed we had already had them. when asked to look at our table at what was ordered they said we ordered one drink (literally just not possible as there was food on our table we’d ordered and other drinks) but they still argued with us. when we then queried it AGAIN, the duty manager (dirty blonde hair in a ponytail), proceeded to come out and basically say we were confused and lying. he said he’d watched the security cameras for ten minutes (he’d been gone for 5 from when we asked him) and the cameras were really good they could even see our phone screens and we didn’t order the drink we had (i don’t know why he’d say the security cameras are that good when there’s literally cameras in the toilets, so uneasy but really good so they can see everything!) he said he saw all our drinks come to the table, we said okay we can show you the receipts of everything we bought and you can count the glasses because you can also see in the security footage that no one came to clear the table the whole 2 hours we’d been there, so the glasses and our receipts will show that one is missing. honestly why would we fight over a £5 drink, that’s so embarrassing but the principle took over. he refused to look at our receipts saying we had confused ourselves, then said we were causing fuss and when we asked to see the footage to prove us wrong he said of course he wouldn’t show us. he then proceeded to report us to security to remove us. none of us were drunk, we are all grown working professionals who have worked in hospitality and understand how it is when it’s busy and you’re overwhelmed and you’re predisposed to the general public being rude (as with all hospitality workers) but when customers come in and they are asking for the drinks they have paid for you expect to be listened to. how are they acting like some hotshot nightclub it doesn’t make sense, someone asks for a drink they paid for and they’re so quick to kick them out. surely the customer footfall isn’t that bad that they’re scamming customers out of drinks? worst customer service experience i’ve had, can’t believe how poor the service was. why build such a nice spoons to hire terrible wait staff? disgraceful.

ALSO they had a woman come to our table to clean after this whole situation, she told us it was our own fault because we ordered on the app and we should’ve ordered at the bar. you’re working for a franchise who have created an app for convenience and because it’s 2023, and you’re standing at our table telling us we’ve basically been cheated out of drinks because we’ve used the app which wetherspoons tell you to use. such a backwards, gaslighty, and ugly situation. over a £5 spiced rum and coke. what a joke 🤣",2,No photos count,False,0,,Not found,3,1,2,Not found
Soonyata Mianlamai,a month ago,5,"English breakfast done right, laidback vibe, efficient service, and unlimited refills for hot drinks.",619,1829,True,2,"https://lh5.googleusercontent.com/p/AF1QipMKuGmCv6DfGGmDlZCal4o5Mx1caKBPBpmrKv23=w450-h675-p-k-no,https://lh5.googleusercontent.com/p/AF1QipNCAP3xmxBP3wlauPpTogN87kQmATrwjMwLA8jr=w450-h675-p-k-no",£10–20,Not rated,Not rated,Not rated,Not found
Katie Hawes,3 months ago,1,"We went for breakfast and were served cold food, we sent it back and asked for it to be served hot, after waiting for a while it was severd back just as cold.
It was really disappointing, especially as they were not busy, when we sent it back the first time the chefs seemed annoyed and inconvenienced.
I asked for a refund which we got with an apology,  I wouldn't recommend as the food staff didn't seem to care at all.",27,No photos count,False,0,,Not found,1,1,1,Not found
Katie Ball,4 months ago,5,great pub when heading somewhere on the train or just a quick drink. immaculate service and very clean pub. Kieron on bar particularly stood out providing a phenomenal and friendly service when serving drinks. would definitely recommend.,3,No photos count,False,0,,£1–10,5,5,5,Not found
Paul Roberts,a month ago,5,"Wow... And this is a Weatherspoons. Very impressive, lovely atmosphere and decor; you just have to visit at least once.",96,14,True,1,https://lh5.googleusercontent.com/p/AF1QipMpITHHpBUnv4ksnRZdGlQln3iWIWkTxWTwsj19=w900-h675-p-k-no,Not found,Not rated,5,5,Not found
_bloodfeather_,2 months ago,5,"Overall good experience, but the standout was our server Dana. Absolutely lovely girl - super friendly, fun, attentive and efficient, with an as* hotter than the food",2,No photos count,False,0,,Not found,4,5,4,Not found
Chloe Dolan,2 months ago,5,Rio should win employee of the month he is just so friendly with a lovely smile! my cod and chips was gorgeous! They must have such a good pub manager! x,4,No photos count,False,0,,Not found,5,5,5,"Chips, Freshly Battered Cod and Chips, Burger, English Breakfast"
darran hornby,4 months ago,1,"Poor service and food was overall disgusting over cooked and dry is sent my burger back once because it was burnt, I had a replacement and it came back out the same burnt and no taste, pasta Alfredo was dry and rubbery to much cheese on top also the bacon was just all fatty bits. Last thing we was in here about 45 minutes and 4 homeless people came in on separate occasions coming to people's tables and asking for either change or for 2s on there food very off putting",29,5,True,0,,Not found,1,1,1,Not found
Luke Shail,a month ago,5,"I was served by Dana, and she gave us the very best professional service.
Never have we been looked after so well at a wetherspoons and will definitely be returning to this one because of the friendly staff.
Thanks dana :)",3,No photos count,False,0,,£40–50,5,5,5,Burger
Paul Phipps,11 months ago,5,"This place was packed when I visited. No seats available, standing only. Popped in for a few beers. Really nice place. Staff were friendly and welcoming. Enjoyed my visit.",464,509,True,3,"https://lh5.googleusercontent.com/p/AF1QipOOvH1YfXKxgvpTshLwK_6peD4kaZlkJcmUv-Pt=w450-h675-p-k-no,https://lh5.googleusercontent.com/p/AF1QipNvYE8_9CCLztT0VDTRdgJQ9xYQ3PujHHmKQP9D=w450-h338-p-k-no,https://lh5.googleusercontent.com/p/AF1QipP1ek0ufiI3rzwVxgtDscfudfForNe9Rj549N_A=w450-h338-p-k-no",Not found,Not rated,Not rated,Not rated,Not found
EATen Reviews,11 months ago,3,"A pricier Wetherspoons but very pretty and clean since it’s rather new! Tried the Xmas roast here, tasted great but needed additional gravy and missed the roast potatoes and yorkshire pud!! Pigs-in-blankets look burnt but they didn’t taste it. Service is on-and-off with friendliness.",87,158,False,2,"https://lh5.googleusercontent.com/p/AF1QipPCeCaciTO4Nf4oMTkh6dZj2AX8rQm6Lfcq-xcM=w450-h675-p-k-no,https://lh5.googleusercontent.com/p/AF1QipPO_kG-UyoLwb-Z__v2BYRaX0wD2FrfnMHn7Ozx=w450-h675-p-k-no",Not found,Not rated,Not rated,Not rated,Not found
Charles Bellington,11 months ago,3,"A dependable pint and a burger and chips. It does what it says on the tin. The only issue was the food arrived luke warm and the onion rings a bit soggy. However, considering the place is quite understaffed, the team did a bang on job in keeping up with demand.",75,266,True,1,https://lh5.googleusercontent.com/p/AF1QipPJQjPdgLhEQlHoZCQvJCb5uaEl9gDGSjgmzMXj=w900-h675-p-k-no,Not found,Not rated,Not rated,Not rated,Not found
Nxm Junk,2 weeks ago,3,"It would be good if they could introduce new dishes in the menu. It is always the same.

Also, they never seen to have a drinks menu available.",2,No photos count,False,0,,Not found,2,3,4,Not found
Anthony,3 months ago,5,"Great pub to go to just before catching a train, a lot of space and outdoor seating too!",22,22,True,1,https://lh5.googleusercontent.com/p/AF1QipNBkyp_DU6N7egZODPQvgiFuAlRSiMj9IHoe5-Q=w900-h675-p-k-no,£1–10,5,5,5,English Breakfast
John,4 months ago,4,"A very nice looking establishment, as it is for Wetherspoon. Plenty of space",1321,6131,True,4,"https://lh5.googleusercontent.com/p/AF1QipP3Byvf0RQnev0sgd8Ow7-u0cGaR-7r9oDlyHc=w450-h338-p-k-no,https://lh5.googleusercontent.com/p/AF1QipOS39J6fuMiuo-qnhXmoA3F1BTJbUP9JvxpElE=w450-h338-p-k-no,https://lh5.googleusercontent.com/p/AF1QipM09hpBgvj0So64PwgE5u55pxMVqFk-FbC-JnQ=w450-h338-p-k-no,https://lh5.googleusercontent.com/p/AF1QipPHq7ehM-lv9DiRwNV5av4m7YzskXyPvYxASqc=w450-h338-p-k-no",£10–20,Not rated,Not rated,5,Not found
Alex Harrington,4 months ago,4,"A very good addition to New St station, whilst being fairly big it does fill up quickly. There’s a good atmosphere in there on matchdays and when large events on in the city. Perhaps needs more staff as the service can be slow, from my experience though they’re trying their best.",387,15,True,0,,Not found,4,4,5,Not found
Georgie Staniland,4 months ago,5,"Continuously enjoy lovely cheap drinks & food in this weather spoons. Shout out to the lovely keiron behind the bar, not only handsome but very polite & welcoming. Would recommend.",2,No photos count,False,0,,£50–60,4,5,4,Freshly Battered Cod and Chips
Bobby Lumby,2 months ago,5,"We visited this weatherspoons last weekend, l cannot recommend this place enough, the service was so quick I think Hussain Bolt was training the staff, the food was so good i went in wearing glasses and came out with 20/20 vision, the only downside was the drinks, I had way too many because of the value for money and woke up feeling like I had been double teamed by Conner Mcgreggor and Tyson Fury, 10/10 would get double teamed by McGregor and Fury again",1,No photos count,False,0,,£30–40,5,5,5,Southern-Fried Chicken Strips Basket
Romy Oliver,2 months ago,5,Unlimited coffee for £1.50 quick service clean area ideal while waiting for a train,11,10,False,1,https://lh5.googleusercontent.com/p/AF1QipPHhqeB-96lETJvX9H_lqqeb4O1v86-bX3w9eTh=w900-h675-p-k-no,£1–10,5,5,5,English Breakfast
Steve The pirate,2 months ago,5,"A member of staff who looks like one of the fat hairy bikers really let himself go told me if I didn’t leave a review Tim Martin would personal come round his house, eat all his snacks and give him atomic wedges, he seemed like he was a nice guy so I complied and left this review the pub was ok.",1,No photos count,False,0,,Not found,5,5,5,Not found
Cheryl Russell,5 months ago,5,"Can't beat a spoons tbh!

We had a quick bite, super fast service, nice atmosphere and it was clean.

The food was hot and tasty, the drinks nice and cold, what more can you want!!!

Great location too in the station.",285,182,True,0,,£10–20,4,5,5,Not found
Anthony Kelly,a month ago,3,Smaller than I thought it would be. Variety of ages around. Only downside it was very loud !!,19,8,False,1,https://lh5.googleusercontent.com/p/AF1QipMPSlXEBhS-0g12OsMzXsZLjKQuFwG5d_G_ZG3u=w900-h675-p-k-no,£10–20,3,3,3,Not found
Craig Stanley,a month ago,2,Staff are lovely but food was stone cold. Every element on the plate. Beans may as well have been served in the tin.,12,23,True,0,,£10–20,1,3,3,Not found
Clarke Evans,6 months ago,5,"Nipped in for breakfast as visiting the city and tbh I never expect a great deal from a Wetherspoons normally. However this place whatever they’re doing they do it right. The food was marvellous and not at all like the dry junk I’ve come to expect. The service was top notch and the table waitresses were exceptional. In particular the Asian girl with the blond highlights in her hair. Full of smiles, polite. The place was clean, well kept and just genuinely nice to be in. If you’re a fan of Wetherspoons this is the place to go and even if you’re not this place will most definitely change your mind. Full five stars. Amazing.",4,No photos count,False,0,,Not found,Not rated,Not rated,Not rated,Not found
Angela Milner,4 months ago,2,"We went early afternoon for food & drink, unfortunately they had no fish, no scampi & even no salt also no regular real Ales, so very disappointed because we have been several times & it’s been good. Need to sort out supply issues",1,No photos count,False,0,,£10–20,1,4,4,Not found
Sarah Marshall,2 months ago,5,"Fantastic place for social food and drinks! Great customer service from the staff and specially when I asked the kitchen a question regarding food, the tall tattooed man was very helpful!",1,No photos count,False,0,,Not found,5,5,5,Burger
Janelle Tweed,2 months ago,1,"Tried this place as we were early for our train. The staff need training in how to provide customer service. The security guards must have been bullied in the past as they are on some sort of power trip.
The worst Wetherspoon pub I’ve been to, and I’ve been to a lot.",5,No photos count,False,0,,Not found,2,1,3,Not found
Saucy Fluff Ball,8 months ago,2,"Entered on a fairly quiet early afternoon Tuesday, many tables were left uncleared, but we did manage to find a clear table.
Ordering using the app was as good as it always is with Wetherspoons, after about ten minutes, with no sign of our drinks yet, we spied our food order on the hot plates waiting to be sent to us, another four, five minutes and we got our food from a lady who refused point blank to even look at us at all, instead, very weirdly focusing only on a spot in the distance way above our table, giving the impression of sheer arrogance and boredom at even having to attend to us at all! Asking about our drinks, we got a simple ""they will be on their way"" as our cutlery was dumped onto the table and our server left not once having looked at any of us or acknowledging our existence as human beings at all!
The drinks did arrive a minute or so later, this time handed to us by someone who did at least look at our table if not us.
The food - generally exactly what you expect from a 'spoons, although they got two of the three meals slightly wrong, one was corrected without any sign of care or apology at all, meaning a full meal had had to go back to be thrown away, the other - it was decided not to bother!
The food wasn't as hot as it should have been, but then we had seen it sitting waiting for a few minutes so already suspected this would be the case, but it was warm enough and quality was exactly what it should be.
No one ever checked in with us, but to be honest, by now we simply felt that we were only tolerated, certainly not valued in any way as customers and really, we were grateful because we didn't want to go through that weird blatant refusal to acknowledge us again.
Upon leaving, I got pushed aside by another member of staff as he went along on his way with some plates, I was struggling to walk due to some back problems, so I knew I was slow, so I automatically called out ""sorry"" (ugh, the polite British reaction that was ground into me as a child!) yet the member of staff refused to engage and strode off haughtily, nose in the air - yet another member of staff making it plain that we didn't deserve their attention, in fact, how very dare we exist!

So... Two stars, because apart from the staff and the slow service, it's an average Wetherspoon with decent ""you get what you pay for"" solid value, but would we ever want to go again?
Nope, not a chance.

May I suggest the staff take a look at the restaurant in Grand Central called ""Karen's"" - they would fit in far better there!",23,3,True,0,,Not found,Not rated,Not rated,Not rated,Not found
IVAN Rollason,a month ago,5,"WHEN I FIRST WENT IN THIS PUB I THOUGHT WHAT A BRILLIANT PLACE THOUGHT I'D DIED AND GONE TO HEAVEN ,LOVED THE THEME OF THE PLACE THE TRAIN PATTERNS IN THE CARPETS, ALL THE PICTURES AND THE STUFF ON THE WALLS, LOVE THE TRAIN CLOCK, PICTURE OF TONY HANCOCK AND I THINK THE TITANIC ANCHOR, A STEAM ENGINE,THE SQUARE PEG WHICH I VISIT REGULARY,FOOD LOVELY,DRINK LOVELY ,IT IS A REALLY NICE PLACE ,THE  LIGHTINGS GOOD THE BIG PIPES ON THE CEILING REALLY SET THE PLACE OFF,AND I NOTICED YOU CAN LOOK OVER THE ROAD AND SEE THE PUB NOW CLOSED THAT I DRANK IN WHEN I WAS YOUNG AND NEVER REALISED OZZY OSBOURNE MADE HIS FIRST APPEARENCE THERE ,MAKES AN INTERESTING TALKING POINT,I KNOW SOME OF THE STAFF THAT CAME FROM THE DRAGON AND SQUARE PEG, ONLY BY SIGHT BUT THEY AND THE OTHER STAFF SEEM TO LOVE EVERY WORKING MINUTE IN THE PUB, NEVER HAVE TO WAIT LONG FOR FOOD OR DRINK AND IF I'M WAITING FOR A TRAIN I CAN ALWAYS POP IN THERE FOR SOME GRUB AND DRINK AND I KNOW I,LL BE TREATED RIGHT ,ALL THE STAFF WORK HARD AND THERE ALWAYS HAPPY,THE MANAGERS ALWAYS ON THE BALL IF HES NOT TO HAPPY ABOUT ANYTHING HE SOON GETS IT SORTED,THERES ONE OF THE STAFF THAT USED TO WORK OVER THE DRAGON IS ALWAYS ON THE GO DARTING ABOUT EVERYWHERE SO MUCH SO  SHE REALLY MAKES ME FEEL DIZZY,SHES ALWAYS THERE WITH HER BROOM,SOON AS THE TABLES ARE FINISHED WITH SHES THERE PICKING UP EMPTY GLASSES AND PLATES AND CLEANING UP MESSES ETC IF SHES NOT DOING THAT SHES PULLING PINTS OR FILLING THE DRINKS MACHINES IM SURE SHEL BE A MANAGER HERSELF JUST NOW DEFINITELY ONE TO WATCH,, WHEN I GO OUT I GO TO THREE PUBS A DAY ONE IS THE SQUARE PEG ONE IS THE DRAGON AND NOW ONE IS THIS PUB,BUT THE ONLY DOWN SIDE IS THE BEER I DRINK WHICH IS MORE EXPENSIVE TO OTHER WEATHERSPOONS,.SO I TEND TO HAVE ONE TWO DRINKS AT MOST.  APART FROM THAT, I THINK ITS IN A GOOD POSITION AND SHOULD MAKE TIM MARTIN LOADS OF MONEY ..P.S HAVEN'T HAD ONE BEGGAR COME IN OFF THE STREET ON THE SCROUNGE OR SOMEONE TRYING TO SELL SOMETHING WHICH IS GOOD BECAUSE THEY CAN REALLY UPSET THE DAY OUT..",9,No photos count,False,0,,Not found,5,5,5,Not found
Michelle Yeomans,2 weeks ago,1,Place was ok apart from a lady member of staff insulted me saying she thought I was a man .Didn't catch her name otherwise I would have reported it to the manager. Won't be going in there again.,22,1,True,0,,£10–20,Not rated,Not rated,Not rated,Not found
Abia Bromage,7 months ago,2,"Food was extremely fast great service. However, the floor manager with reddish hair and glasses was extremely rude. She rolled her eyes at my self and treated my table like we were stupid. 100% shouldn’t have a job in one of the busiest spoons",1,No photos count,False,0,,Not found,Not rated,Not rated,Not rated,Not found
Matt Reid,11 months ago,4,"Newly opened spoons at New st. station, will be a popular stopping off point for travellers. Lacks design details, emphasis is on volume, which is detrimental to the pub experience.",347,793,True,2,"https://lh5.googleusercontent.com/p/AF1QipNp0zIE4Fv1oWiG2IIk2Vg9Slr7m5isxIOI2C4p=w450-h675-p-k-no,https://lh5.googleusercontent.com/p/AF1QipMn0-SOEMqV1BZkHvkZCFQXcJjYgnzx0grG6Fnc=w450-h675-p-k-no",Not found,Not rated,Not rated,Not rated,Not found
Lynn Adams,5 months ago,1,"Food was only luke warm. Looked like it had been thrown on the plate.
Slow to clear tables. Doors constantly banging when being used.
Place was very cold. Altogether not a pleasant dining experience.
Will not be returning to this branch of Wetherspoons.",3,No photos count,False,0,,Not found,Not rated,Not rated,Not rated,Not found
Hazel Macey,a month ago,1,"It was awful. Food portion was pathetic.  I am 65 not 5, and I certainly didn't order a starter.  Staff were OK. Would not recommend for sure..",20,222,False,0,,£10–20,1,3,2,Not found
Shakeel Ali,6 months ago,1,Very poor management will not be visiting again. Ordered a breakfast and did not come out In time. Waited 40minutes. Very quick to charge you for it. How can you get the table wrong? Very bad customer service awful. Staff not polite friendly and worst so have seen!,21,No photos count,False,0,,Not found,Not rated,Not rated,Not rated,Not found
Oscar Saint Cruz,3 months ago,5,The staff are so friendly and polite. I recommend this place for a night out. Even the customers are very friendly. 100 out of 100. No complaints at all.,1,No photos count,False,0,,Not found,5,5,5,Not found
Paul Hinks,3 months ago,2,The food was as good as ever....shame about the service.....ordered our food at 11.30......eventually got it at 12.30 after asking about it on a number of occasions and been told that it would be 5mins ......watching all the staff keep walking passed the the service and ignoring the food not seeming to have a clue what was going on ......and watching one of the chefs handling some of the food without gloves and chewing chewing gum while serving food ...not very impressed.....definitely needs attention about that....not very professional,19,No photos count,False,0,,£10–20,5,1,5,Not found
KD,10 months ago,1,Ordered lunchtime food at bar. 30mins later still no food. Queried order at food service point. Manager couldn't find order but chef said food had been waiting to be taken out for sometime. Requested fresh order to be done. Waited again and still no food so requested a refund. Bar staff couldn't find original order on till.....total shambles. Refund was given eventually...would not recommend.,5,No photos count,False,0,,Not found,Not rated,Not rated,Not rated,Not found
Fiona Mansfield,3 months ago,1,I ordered a cocktail via the app and was told it was out of stock. I ordered a cider instead and asked for a refund of the difference. The server never came back.,2,No photos count,False,0,,£60–70,1,1,3,Not found
Holly Dent,2 months ago,5,"Had the best time at the London North Western. Eventhough it was busy, the staff amazed me. Daisy personally was the friendliest member of staff",1,No photos count,False,0,,£20–30,5,5,5,English Breakfast
Sonia Tuppen,11 months ago,2,"We visited on Saturday evening for a meal.   Ordered at the bar.   Good service.    Sitting right in front of where the meals come out of and can see the food sitting there.     We saw our meals being put out.   About 4 waiters went up to the counter, took other meals that had gone up after ours.  I literally watched the top of the burger bun start to drop down onto the plate off the burger.    Eventually our meals were picked up, then walked around about 6 tables and then found us.    Our meals were literally sitting under the hot plate for about 8 minutes before anyone picked up.    Food was lukewarm.   Really could not be bothered to complain as we would have had to wait ages for food again.  Not the place to go for food unless you are happy to eat lukewarm food.",26,No photos count,False,0,,Not found,Not rated,Not rated,Not rated,Not found
José Marta,7 months ago,1,"Asked for an American burguer at the counter. Had none of the toppings. Instead of being told so and asked if I wanted to order another item, they served a burguer with bread, ketchup and mayo. And when I asked if they could add lettuce and tomato (from the classic burguer on the menu), the cook stated I didn't order that burguer. Scam",1,No photos count,False,0,,Not found,Not rated,Not rated,Not rated,Not found
Abdullah Alsharif,3 months ago,1,"I used to love this place, but I don't know what happened to them lately, drity plates and slow service. Never again till they hire clean staff.",3,No photos count,False,0,,Not found,Not rated,1,Not rated,Not found
Paul Hartill,11 months ago,1,"Brand new Wetherspoons pub, but sadly  same awful service. Although lots of people in the pub, only 4 waiting at the bar. Despite loads of staff,  took 20 minutes just to get a pint, was going to eat as well but given this gave it a miss. When I was served the server was too busy engaging in a private conversation to even exchange pleasantries and after waiting further time my pint was put in front of me by a server who couldn't even look at me. Customer service is at best poor but clearly manners are non existent but arrogance is high.Seems to be a company wide issue.",41,No photos count,False,0,,Not found,Not rated,Not rated,Not rated,Not found
John Batchelor,5 months ago,1,Bar was busy on Friday evening but most bar staff inactive. When just myself and two others at bar I made eye contact with a member of bar staff who just looked at me and walked to the back of bar to avoid serving me. Needless to say I left and will NEVER return. Very poor.,1,No photos count,False,0,,Not found,Not rated,1,4,Not found
Anne McQuillan,7 months ago,1,"Worst Wetherspoons I've ever been to with some of the worst staff. We go to Wetherspoons quite regularly. My husband has the chicken jalfrezi more often than not, so he does know what to expect. The jalfrezi here was inedible. It was so hot (spicy) that he choked on it. The 3 of us also tried it and couldn't believe it! It was like 10 times hotter than a vindaloo. First waitress (long reddish dyed hair / jack Daniels t-shirt) said they just get food sent to them pre-cooked so it was nothing they'd done to it and on that basis she couldn't do anything about it. Asked to speak to the manager. She said she wasn't sure he'd speak to us and even if he did he'd tell us the same and she could guarantee the meal wouldn't be replaced. Eventually duty manager, Matt, came over. He repeated that they just warm up the food so as it wasn't anything they'd done the meal wouldn't be replaced. An unbelievable response to a customer telling a manager that their establishment had served inedible food. We weren't after money back, justa meal that was fit to be eaten. He eventually agreed that it would be replaced with another jalfrezi, nothing else. That came and it was just as awful. Customers at the next table tried it and agreed that you just couldn't eat it as it was so hot. Obviously the batch of pre-cooked jalfrezis  sent to this pub were not quality controlled. Had an employee with a grudge deliberately tipped in 10 times more the amount of chilli than usual? Whatever the reason I can't believe we were the only people to complain about it and I do believe that staff here knew about the problem. As it was obvious we'd get nowhere talking to any of the staff / managers we left vowing never to return. Come on Wetherspoons you can do better than this. Look at a number of the other reviews about this location and there is a recurring theme of appalling customer service. You have to get rid of staff who simply aren't up to the job and train your managers to deal with customers in a respectful way. Matt you were a disgrace this evening. Must just say that we were served our food by Aaron who was friendly, polite and helpful. A shining light in what was an otherwise very miserable experience. I suggest he finds somewhere better than this to work!",2,No photos count,False,0,,Not found,Not rated,Not rated,Not rated,Not found
Maisie degville jones,11 months ago,1,"Not great, as a person working in hospitality I understand there are issues and problems here and there so that was fine, however it was just reoccurring issues. I went to order food at the bar and it took about 20 minutes to order 3 meals as staff were unsure about meals in stock and putting food through wrong. Then we waited about 25 minutes for our food and it came cold, 2 of the 3 meals came missing items so weren't enjoyable, the things that would be missing should've been specified when I ordered not when my meal and already paid. Overall I wasn't impressed.",3,No photos count,False,0,,Not found,Not rated,Not rated,Not rated,Not found
Anne Chester,5 months ago,2,Very disappointed to discover that they no longer served steaks the choice of alternative was fish and chips but they only had the small portion left. Wanted apple crumble but they didn't have any will seriously consider eating elsewhere in the future,54,2,False,0,,Not found,Not rated,Not rated,Not rated,Not found
Paul Howard,9 months ago,3,"Went in about 2:30pm, while I was In Brum, to have a look. Fairly busy and a big space, but some tables not cleared.
Good selection of beers and prices good considering the location.
A bit weird that the entrance door from the station side looks like you're going in through a cleaners cupboard door. Not very welcoming.",243,60,True,0,,Not found,Not rated,Not rated,Not rated,Not found
Mind Soul,8 months ago,1,Worst Weatherspoons in Birmingham! Staff look very miserable like they don't want to work there. Manager Kiera and another woman who I didn't catch her name was rude when we voiced our concern about our food being stone cold and our wait time. What kind of management is that ??? Must be bad if staff don't even want to work there. Order from the app ... Our drinks arrived 15 minutes after we placed the order to which we were shocked as it wasn't busy at all! Needs fixing up big time.,1,No photos count,False,0,,Not found,Not rated,Not rated,Not rated,Not found
V Th,6 months ago,1,Dreadful service. Sat at table for 10 minutes being ignored by the waiters. When I finally asked one to take my order I was told that I had to order at the bar as if I was stupid. No courtesy. Walked out.,58,3,False,0,,Not found,Not rated,Not rated,Not rated,Not found
Tom Frost,8 months ago,5,"We visited on a Friday night so it was very busy. Despite this, the food and drinks came out pretty quick and were good quality as expected. Once we got used to the noise, it was a buzzing environment to be in, in the middle of New Street Station. Will definitely visit here again if in the area and would recommend others to as well.",95,1103,True,0,,Not found,Not rated,Not rated,Not rated,Not found
D James,9 months ago,3,Had to clear off own table to sit down. Food was OK but nothing special. Chips were cold. Seems understaffed and too big. Lots of rubbish on the floors. Conveniently placed and very busy.,38,17,True,0,,Not found,Not rated,Not rated,Not rated,Not found
Will Boyden,2 months ago,1,Never received my drinks to only been told they was given to another table by mistake and no offer of making new drinks,3,No photos count,False,0,,Not found,2,1,2,Burger
SSE PEST CONTROL South Staffordshire Environmental,4 months ago,1,Stone cold breakfast because the staff are too busy standing around talking,255,1417,True,1,https://lh5.googleusercontent.com/p/AF1QipO47VEWNQJiNsd3B9ByPfnaEG3DbT0S5pCu3cKk=w900-h675-p-k-no,£1–10,1,1,1,Not found
agnespoison,3 months ago,2,Bar staff ignore people and it is not the first time here....sad cos pub looks great,115,654,False,0,,Not found,Not rated,Not rated,Not rated,Not found
Joey X Smith,7 months ago,3,Nice looking place but it hard to find a seat. Its very busy and service not very good. Quite a few overweight girls behind bar who don't listen to the orders given. All of them with bad attitude.,34,No photos count,False,0,,Not found,Not rated,Not rated,Not rated,Not found
Sue Seward,4 months ago,1,"Don't even go there !
Poor service with meal orders
Small portions for adult meals
This is not good enough for train station travellers
Sue Seward , John Reznik",4,No photos count,False,0,,£20–30,2,1,3,Not found
Marion Mitchell,3 months ago,1,"Thought I would try this venue as the square peg is due for refurbishment
Dirty tables and upon ordering food was informed of a thirty minute wait for food not acceptable as catching a train that obviously won’t wait.",1,No photos count,False,0,,Not found,Not rated,1,1,Not found
Paula Watkins,a month ago,3,"As expected for a wetherspoons, food and drink ok nothing special.
Nice info boards but too high to read !!",286,No photos count,True,0,,Not found,3,3,3,Burger
Steven Joesbury,8 months ago,1,"Update. Coldest pub in Brum. Partly because they stopped the self shutting door. Partly because the people coming in are w***era who can’t shut a door. Is there a energy crisis if people like to sit in the cold???

Not enough staff on the bar. Good stacked and the servers are taking out single bowls of onion rings and deserts before the food sits for 10 mins: get it together spoons",175,58,True,0,,Not found,Not rated,Not rated,Not rated,Not found
Matthew Rider,8 months ago,1,"Kicked out my girlfriend (who was drinking water) because she was ill. The fact that this bar literally through out a sick young woman, who very well could have needed help, is absolutely disgusting. Staff should be absolutely ashamed of themselves.",92,43,True,0,,Not found,Not rated,Not rated,Not rated,Not found
Kristal Yam,11 months ago,1,"An awful experience when the staff told me the correct table number but served the wrong dishes then just blamed me that I should have told them before starting the dishes. The next table ordered the similar dishes and all breakfast looks similar. I need to pay extra for his mistake but still blamed me for causing him troubles. The worse experience of having Wetherspoon so far.
Hope they could remember the table number and where it is by the end of the day.",1,No photos count,False,0,,Not found,Not rated,Not rated,Not rated,Not found
IAN HOWROYD,4 months ago,5,"On the way to Turtle Bay had a couple of beers 🍻
Then on way back had more beers 🍻 & cheeky vimto
Had a great experience
Excellent pub 👌",90,50,True,0,,Not found,Not rated,4,5,Not found
Super Ten,11 months ago,2,"My first visit to the new Witherspoons today (26th Nov).
The food was at best warm and watched the cooks move food items from plate to plate with their bare hands (even though they had food tongs available).
Shocking food hygiene and badly organised. I do like Witherspoons but this pub is a disaster in comparison to other Spoons I've had the pleasure to eat and drink at. I will not be returning!",12,7,False,0,,Not found,Not rated,Not rated,Not rated,Not found
Gemma Pee,9 months ago,1,"Manager’s customer service was very poor, refused to replace food that was of poor quality and faulty, was very adamant to not resolve the issue. She then told the staff member to tell me there was nothing she could do. Wouldn’t come to table when I asked to speak to manger. When she finally came over she was rude and unwilling to help, offered a refund instead of a replacement and told me I can “leave and go somewhere else if I want to”",20,No photos count,False,0,,Not found,Not rated,Not rated,Not rated,Not found
Nik Rose,2 months ago,5,"Great service friendly staff and clean loos and tables!

And the security guy on door opening the doors ..! Nice touch 👌",22,17,False,0,,Not found,Not rated,5,5,Not found
Vicki “Vix” Stanton- phillpotts,10 months ago,4,"Excellent food!
Very slow behind the bar!
They're very slow at serving behind the bar . Literally felt like serving myself.

Food was great though and not too expensive...shout out to the guy who brought our food over....table 203",40,15,False,0,,Not found,Not rated,Not rated,Not rated,Not found
Nikola Yanev,9 months ago,5,"Didn't believe it was a Wetherspoons at first. Atmosphere is much better than other Wetherspoons pubs around Birmingham. Food and drinks were what you'd expect from a spoons but a bit pricier because of the location. Still, very much worth visiting!",6,No photos count,True,0,,Not found,Not rated,Not rated,Not rated,Not found
Gary Norton,11 months ago,1,After ordering food and they getting wrong and for myself to question why it was wrong not only do I get verbally abused! I get threatened with my life in front of people by a asian bouncer which was recorded and forwarded to the police. Bang out of order! When I explained I needed eat because of health problems I was laughed at! In no shape or form was I rude to anyone. Even my mate had to walk away due to the verbal abuse we received.,5,No photos count,False,0,,Not found,Not rated,Not rated,Not rated,Not found
Shannon Hamilton,2 months ago,5,Steve abi inez gave me and my girlfriend great service and help us through out the night,8,No photos count,False,0,,Not found,5,5,5,Not found
Henry Ellingham,9 months ago,5,"Requiring a ginger ale to quench my unbelievable thirst after a hard working day, the girl behind bar spilt my drink (at least 75% of it some dripping onto my dr martens) when I fairly asked she give me another one she called me a little corporate w*nker and laughed in my face. Nice location and excellent carpet so 5* from me.",7,No photos count,False,0,,Not found,Not rated,Not rated,Not rated,Not found
Alin D.,8 months ago,5,"CUISINES
Bar, British, Pub
SPECIAL DIETS
Vegetarian Friendly, Vegan Options, Gluten Free Options
MEALS
Breakfast, Lunch, Dinner, Brunch, After-hours, Drinks
FEATURES
Outdoor Seating, Seating, Television, Highchairs Available, Wheelchair Accessible, Serves Alcohol, Full Bar, Free Wifi, Accepts Credit Cards

Wetherspoon targets a mass-market offering of low-price food and drink. A large standardised menu is available all day in every pub, cultivating a perception of ""unpretentious good value"". Wetherspoons claims to be ""the only large pub firm which opens all its pubs early in the morning"", serving breakfast and coffee.The food menu has continually added healthier and allergen-friendly options, including a calorie rating next to every item.

Wetherspoons hosts two Ale Festivals in March/April and October each year when a larger range of guest ales is available in each pub and a Cider Festival in the summer. The company claims to be the biggest investor in craft beer in the country.

Wetherspoons objected to the VAT rates on food sales in pubs and restaurants in the United Kingdom, and the fact they are higher than those paid by supermarkets.
VAT rates on alcoholic drinks were the same in both pubs and supermarkets. When VAT was temporarily reduced from 20% to 5% during the COVID-19 pandemic in 2020, Wetherspoons was one of several chains to pass some of that saving to customers.",120,2089,True,0,,Not found,Not rated,Not rated,Not rated,Not found
Dawn van der Westhuizen,11 months ago,2,"My food was cold, even after sending it back.  Coffee station is a mess too. 3 Machines, only 2 working at breakfast time.  Should be better, for a new place.  Disappointed 😞 …",5,No photos count,False,0,,Not found,Not rated,Not rated,Not rated,Not found
Glenn Ward,6 months ago,5,"Top notch pub,the service is second to none,but I got to give a special mention to the young lady Maddy,she is so professional at her job ,the kind of barmaid that makes you want to go back to the establishment",15,No photos count,False,0,,Not found,Not rated,Not rated,Not rated,Not found
Amy Powell,2 months ago,5,"Blonde girl with glasses was great, brilliant service with a smile :)",2,No photos count,False,0,,£50–60,4,5,5,Freshly Battered Cod and Chips
Clive Cole,5 months ago,1,"Awful, probably the worst Wetherspoons I've had the misfortune to visit.
Staff need some customer care training and the food was terrible.",4,No photos count,False,0,,Not found,Not rated,Not rated,Not rated,Not found
Martin Hill,4 months ago,1,Ordered a drink to my table 25 mins later. I asked for a refund as I had to get a train,42,238,True,0,,Not found,Not rated,1,Not rated,Not found
Sarah Carribine,2 months ago,5,Come here often. Food can be hit or miss but otherwise very good.,3,No photos count,False,0,,£10–20,4,5,5,English Breakfast
Darren perrins,5 months ago,5,Busy place inside the train station service quick and good selections of food and drinks.,31,361,True,0,,Not found,4,5,4,Not found
Jean Lees,11 months ago,2,Lunch time two people serving. Only one coffee machine working. Plenty of staff walking around to clear tables. Suggest get them behind the bar. And get your coffee machines working.  No atmosphere.,3,No photos count,False,0,,Not found,Not rated,Not rated,Not rated,Not found
William Hill,8 months ago,5,"Industrial size Spoons at the entrance to Birmingham New Street Station. With over 115 tables you are guaranteed a seat and very long opening hours.

5 minutes from my hotel and saving me a tenner a day for breakfast.",194,45,True,0,,Not found,Not rated,Not rated,Not rated,Not found
Karen Ellis,8 months ago,4,It's a very typical massive Wetherspoon in Birmingham Station.  Not really for a night out but while waiting for your train it's perfect.  Considering it's size it doesn't have the range other Spoonies do but it's more than adequate for a Station pub,348,411,True,0,,Not found,Not rated,Not rated,Not rated,Not found
richandjulie A,8 months ago,3,It's a Wetherspoon's. But a lot more expensive due to its location.    It's busy.  It's well used. It's ok.,212,404,True,1,https://lh5.googleusercontent.com/p/AF1QipNdF2-QZFRcQcdqkKW0XJ8JbYWt3fpRdMW4DEEh=w900-h675-p-k-no,Not found,Not rated,Not rated,Not rated,Not found
Stuart Clarke,9 months ago,5,"It's a Witherspoon's, busy all day. The drinks are great and a good price. The food is well priced and tasty. You know what to expect with a Spoons.",92,85,True,0,,Not found,Not rated,Not rated,Not rated,Not found
Trippy Trappa,7 months ago,1,Staff are impolite and will clear your table if you go out for a smoke for five minutes even if you let them know before going out and then be rude about it when you let them know you're dissappointed. Avoid!,26,21,True,0,,Not found,Not rated,Not rated,Not rated,Not found
Susan Rooney,11 months ago,4,"Visited on Sunday morning before going to the pantomime, was quite busy with only  couple of tables free, sat in front of the kitchen which looked busy doing breakfasts, I have to say the young man (Rio) coordinated the floor staff really well and the food went out fairly smoothly, we ordered breakfast wraps (same about the egg shortage) which came within the given 10 minutes, my only criticism is the door kept being left open by customers coming and going which meant people had to keep getting up to shut the door due to the cold draft ☹️",7,No photos count,False,0,,Not found,Not rated,Not rated,Not rated,Not found
Luke B,a month ago,5,Good location and decor,99,198,True,1,https://lh5.googleusercontent.com/p/AF1QipOgQH8xFPlT1RkPHNuiczmmvR7CEzIfsbg6caIw=w900-h675-p-k-no,£1–10,Not rated,5,5,Not found
C B,11 months ago,5,Great new wetherspoons in Grand Central. Very busy. Excellent food and quick service. More expensive than most spoons though.,11,No photos count,False,0,,Not found,Not rated,Not rated,Not rated,Not found
TR TR,11 months ago,3,Very slow online table order drinks service. Most wine sold out!? Pizza looked really good though.,22,1,False,0,,Not found,Not rated,Not rated,Not rated,Not found
Sandy,11 months ago,3,One of the newer wetherspoons recently opened in the heart of the city centre..nice clean bright open space...plenty of seating...staff seemed quick to clean tables as soon as a customer left,357,452,False,0,,Not found,Not rated,Not rated,Not rated,Not found
Gena Merritt,8 months ago,3,"Nice place to meet for a drink and easy to find.  We ate there,  I wasn't very hungry so got the small portion,  it was very small.....",57,23,True,0,,Not found,Not rated,Not rated,Not rated,Not found
Greg Krmadjian,10 months ago,5,"A spacey, decent place for a bite and drink. Classier than a lot of 'Spoons and has a bit of a historic theme with the railway.",160,4,False,0,,Not found,Not rated,Not rated,Not rated,Not found
Bryan Augusto,4 months ago,3,"ordered a meal with a drink, the drink never arrived even after asking staff",1,No photos count,False,0,,£10–20,5,2,5,Not found
Jon Wilson,4 months ago,2,"The antithesis of the Wetherspoon philosophy, overpriced, compared to other 'Spoons & it resembles a railway waiting room",19,1,False,0,,£10–20,Not rated,3,2,Not found
Henry Hannon,10 months ago,5,"Stunning bar inside New St station, lovely interior and very classy, food arrived really quickly, the best Wetherspoons I have been to.",25,No photos count,False,0,,Not found,Not rated,Not rated,Not rated,Not found
Micheal B.,3 months ago,1,"Poor customer service, staff are rude and disorganised. Avoid if possible",3,No photos count,False,0,,Not found,1,1,2,Not found
Louis,10 months ago,5,Great atmosphere. A classy Wetherspoon. Staff are friendly. Will be my local for a quick pint :),8,23,False,0,,Not found,Not rated,Not rated,Not rated,Not found
Chris S,9 months ago,5,"Good location, service was pretty fast from ordering on the app to getting the drink. Yet to try the food.",6,5,True,0,,Not found,Not rated,Not rated,Not rated,Not found
Tom Deeming,11 months ago,1,"No chance of drowning in there, ive been in many times and all i can say is the staff really need training better!",4,No photos count,False,0,,Not found,Not rated,Not rated,Not rated,Not found
Peter McDonald,8 months ago,2,"Went into this place and had a breakfast it was cold this is not the first experience of cold breakfast in Wetherspoons, never order food again in this place.",7,2,False,0,,Not found,Not rated,Not rated,Not rated,Not found
James Reynolds,9 months ago,2,"Nice pub but must be the dearest weatherspoons in the country,I'll walk the 5 mins up the hill ro the rose next time",75,21,True,0,,Not found,Not rated,Not rated,Not rated,Not found
Gazz,5 months ago,4,Needed to be bit cleaner but for what it was good place to go,58,4,False,0,,Not found,4,4,3,Not found
Jack Francis,11 months ago,5,"Fantastic service, staff really went above and beyond food was lovely and at a decent price",2,No photos count,False,0,,Not found,Not rated,Not rated,Not rated,Not found
Barbara H,7 months ago,4,"Quick service. Lovely curry.
Everything I need!",58,4,False,0,,Not found,Not rated,Not rated,Not rated,Not found
Kevin Anderson,7 months ago,5,Great place to meet up before you move on to the days activities,78,10,False,0,,Not found,Not rated,Not rated,Not rated,Not found
Martyn Lewis,10 months ago,4,A basic spoons pub but for quality of food and Abbot ale excellent.,1,No photos count,False,0,,Not found,Not rated,Not rated,Not rated,Not found
Rob Carroll,7 months ago,4,Great pub in the centre of Birmingham.  Reasonably priced,49,17,True,0,,Not found,Not rated,Not rated,Not rated,Not found
Thomas Mckee,10 months ago,3,Very busy but not that big really it's OK for a couple of pints then move on,79,167,False,0,,Not found,Not rated,Not rated,Not rated,Not found
David Woolley,10 months ago,5,Great spoons bit more expensive than others close by but worth it,61,12,True,0,,Not found,Not rated,Not rated,Not rated,Not found
Sam,7 months ago,3,"Customer service was awful, slapping plates on the table and leaving with no words said",11,No photos count,False,0,,Not found,Not rated,Not rated,Not rated,Not found
Donna O'Sullivan,10 months ago,5,"Lovely weatherspoons
typical weatherspoons style
cheap qnd cheerful 😊
convenient location …",223,17,True,0,,Not found,Not rated,Not rated,Not rated,Not found
Marija G,3 months ago,4,"Always busy, but efficient",66,198,True,0,,Not found,5,4,4,Not found
Alexander Warren,9 months ago,4,Great for a quick pint or bite to eat before catching a train.,414,1892,True,0,,Not found,Not rated,Not rated,Not rated,Not found
D X,11 months ago,5,It's in New Street station and it's cheaper than All Bar One. 5 stars.,38,4,True,0,,Not found,Not rated,Not rated,Not rated,Not found
Brent Parrish,10 months ago,4,Bit more expensive spoons but the atmosphere and decor are spot on.,93,169,True,0,,Not found,Not rated,Not rated,Not rated,Not found
Gena Merritt,9 months ago,4,A pleasant place to wait with friends taking the train somewhere.,6,2,False,0,,Not found,Not rated,Not rated,Not rated,Not found
Rock MK,8 months ago,5,Great place for a meal before catching a train,25,No photos count,False,0,,Not found,Not rated,Not rated,Not rated,Not found
Roger DAVIES,10 months ago,5,Great value as usual with all spoons.,3,No photos count,False,0,,Not found,Not rated,Not rated,Not rated,Not found
Helen Jones,10 months ago,5,Very Good Foood and drink at a good price,1,No photos count,False,0,,Not found,Not rated,Not rated,Not rated,Not found
Luke Mccarter,11 months ago,5,"2 gorgeous pints, can’t complain",42,No photos count,False,0,,Not found,Not rated,Not rated,Not rated,Not found
richard baker,10 months ago,3,"Beer drinkable, slow service",307,No photos count,False,0,,Not found,Not rated,Not rated,Not rated,Not found
Left hand Mark,7 months ago,5,Excellent facility to have at the station,221,64,False,0,,Not found,Not rated,Not rated,Not rated,Not found
Ann Miles,11 months ago,5,Lovely nice clean food fabulous,13,1,True,0,,Not found,Not rated,Not rated,Not rated,Not found
Eugene Quirke,5 months ago,5,It's a wetherspoons enough said,70,24,True,0,,£1–10,Not rated,Not rated,Not rated,Not found
Paul Genin,4 months ago,4,Brilliant service,72,No photos count,False,0,,Not found,Not rated,Not rated,Not rated,Not found
Benjamin Fox,10 months ago,4,very convenient location for a spoons,175,40,True,0,,Not found,Not rated,Not rated,Not rated,Not found
good sean,9 months ago,1,God awful,269,2249,True,0,,Not found,Not rated,Not rated,Not rated,Not found
anil bhagat,7 months ago,4,Fast table service,229,3537,True,0,,Not found,Not rated,Not rated,Not rated,Not found
Lee Barnett,11 months ago,2,Poor service . Training desperately needed,93,26,True,0,,Not found,Not rated,Not rated,Not rated,Not found
muskoka joel,5 months ago,1,Respect Rhoads,26,No photos count,False,0,,Not found,Not rated,Not rated,Not rated,Not found
Archie Kelly,11 months ago,5,Lovely staff really helpful,3,1,False,0,,Not found,Not rated,Not rated,Not rated,Not found
Timothy Breakspear,10 months ago,1,The breakfast was cold.,13,No photos count,True,0,,Not found,Not rated,Not rated,Not rated,Not found
Joanna Doyle,10 months ago,2,Food was cold,3,1,False,0,,Not found,Not rated,Not rated,Not rated,Not found
mark belford,5 hours ago,4,Busy place obviously plenty of seating and app to table service was very quick,343,82,True,1,https://lh5.googleusercontent.com/p/AF1QipOyrdVKFoqfJaGF4RscEOD1RD8gP3SPJQHZN9f2=w900-h675-p-k-no,Not found,Not rated,5,3,Not found
Erik Marko,7 months ago,5,"This bar with a restaurant at the station is great not only for its location, prices, but also for its delicious food. We went with our family for breakfast and what else could we have other than a typical English breakfast with black tea and milk. Breakfast was ready within 5 minutes, which was surprising. quickly for the number of people in the bar. We enjoyed ourselves very much. The price for a medium breakfast is around £7 with a hot drink.",145,282,True,1,https://lh5.googleusercontent.com/p/AF1QipPOhN7ZnFnhumKDY40CzSBiVc8p3CF2r0GTPLQx=w900-h675-p-k-no,Not found,Not rated,Not rated,Not rated,Not found
Pablo Robles,2 months ago,5,Excellent place with very good attention,5,4,False,0,,£1–10,4,5,5,Not found
Karl Says,5 months ago,5,No review text,No reviews count,No photos count,False,0,,Not found,Not rated,Not rated,Not rated,Not found
Patrick Jordan,11 months ago,5,No review text,No reviews count,No photos count,False,0,,Not found,Not rated,Not rated,Not rated,Not found
Sarah Marshall,11 months ago,5,No review text,No reviews count,No photos count,False,0,,Not found,Not rated,Not rated,Not rated,Not found
Rio Johnson,2 months ago,5,No review text,3,No photos count,False,0,,£10–20,5,5,5,Not found
Werner Mittelsdorf,9 months ago,4,No review text,82,156,True,0,,Not found,Not rated,Not rated,Not rated,Not found
Helena Torrinha,6 months ago,4,No review text,3,3,False,0,,Not found,Not rated,Not rated,Not rated,Not found
bungatavula abhinav,9 months ago,5,No review text,14,31,True,0,,Not found,Not rated,Not rated,Not rated,Not found
Jackson Winters,4 months ago,5,No review text,20,9,True,0,,£10–20,5,4,5,Not found
dazeldafreak,3 months ago,1,No review text,16,No photos count,True,0,,Not found,Not rated,Not rated,Not rated,Not found
Syd Mpundu,5 months ago,5,No review text,No reviews count,1,False,0,,Not found,Not rated,3,5,Not found
michael conway,4 months ago,4,No review text,115,43,False,0,,Not found,Not rated,Not rated,Not rated,Not found
Karin Gupwell,8 months ago,5,No review text,13,4,False,0,,Not found,Not rated,Not rated,Not rated,Not found
Liam Maynard,2 months ago,5,No review text,44,No photos count,True,0,,Not found,Not rated,Not rated,Not rated,Not found
Danny Stubbs,4 months ago,5,No review text,306,65,True,0,,Not found,Not rated,Not rated,Not rated,Not found
Katie Beasley,9 months ago,5,No review text,No reviews count,No photos count,False,0,,Not found,Not rated,Not rated,Not rated,Not found
Ilse Ramos Dias,8 months ago,1,No review text,No reviews count,No photos count,False,0,,Not found,Not rated,Not rated,Not rated,Not found
John Hipkiss,5 months ago,4,No review text,7,1,True,0,,Not found,Not rated,Not rated,Not rated,Not found
Lyndon Webb,4 months ago,5,No review text,5,No photos count,False,0,,Not found,Not rated,5,5,Not found
Carl Farr,2 weeks ago,5,No review text,7,No photos count,False,0,,£20–30,5,5,5,Not found
djnatty2012,10 months ago,5,No review text,No reviews count,No photos count,False,0,,Not found,Not rated,Not rated,Not rated,Not found
Kelly Zuazua,10 months ago,5,No review text,No reviews count,No photos count,False,0,,Not found,Not rated,Not rated,Not rated,Not found
Daisy Dent,11 months ago,5,No review text,No reviews count,No photos count,False,0,,Not found,Not rated,Not rated,Not rated,Not found
omarrah bowen,10 months ago,5,No review text,3,1,False,0,,Not found,Not rated,Not rated,Not rated,Not found
Joe Blogs,10 months ago,5,No review text,No reviews count,No photos count,False,0,,Not found,Not rated,Not rated,Not rated,Not found
Lauren Sayburn,a month ago,5,No review text,2,No photos count,False,0,,Not found,Not rated,Not rated,Not rated,Not found
Raymond Carroll,10 months ago,5,No review text,4,No photos count,False,0,,Not found,Not rated,Not rated,Not rated,Not found
Stephanie Glazebrook,2 weeks ago,5,No review text,155,15,True,0,,Not found,Not rated,Not rated,Not rated,Not found
Sian Holloway,2 months ago,5,No review text,5,No photos count,False,0,,Not found,Not rated,Not rated,Not rated,Not found
Mark Davis,2 months ago,4,No review text,8,16,False,0,,Not found,Not rated,5,3,Not found
Jonathan Kirton,3 months ago,5,No review text,33,342,True,0,,Not found,Not rated,Not rated,Not rated,Not found
Andy Coleman,11 months ago,5,No review text,113,564,True,0,,Not found,Not rated,Not rated,Not rated,Not found
amberxx P,11 months ago,5,No review text,1,No photos count,False,0,,Not found,Not rated,Not rated,Not rated,Not found
gabriele godlauskaite,10 months ago,5,No review text,1,No photos count,False,0,,Not found,Not rated,Not rated,Not rated,Not found
mark belford,6 hours ago,4,Busy place obviously plenty of seating and app to table service was very quick,343,82,True,1,https://lh5.googleusercontent.com/p/AF1QipOyrdVKFoqfJaGF4RscEOD1RD8gP3SPJQHZN9f2=w900-h675-p-k-no,Not found,Not rated,5,3,Not found
Olivia Grace,3 days ago,5,"Glad to say I enjoy my experience every time I visit this Wetherspoons. Rosie either on the floor or behind the bar always greets customers with a smile and good manners, she is quick to resolve situations and very attentive.",1,No photos count,False,0,,Not found,5,5,5,Not found
