Reviewer Name,Review Date,Star Rating,Review Text,Total Reviews by Reviewer,Total Photos by Reviewer,Is Local Guide,Number of Images,Image URLs,Price per Person,Food Rating,Service Rating,Atmosphere Rating,Recommended Dishes
Natasha M,2 months ago,5,"I haven’t tried the food but I’m sure it’s lovely.
Only popped in and politely asked if I can use to toilet facilities - they were kind and directed me.",10,1,False,0,,Not found,5,5,5,Not found
Nadia Fernandes,5 months ago,5,"Loved the breakfast experience here. It's fairly priced and quite tasty. We were here on a relaxing Sunday morning while visiting Birmingham, and so we caught a nice friendly vibe from the locals who came in for their morning brew and gossip as well.",138,337,True,0,,Not found,Not rated,Not rated,Not rated,Not found
MummyM Foodie,2 months ago,3,"its ok, needs proper back garden more space, it's an oldies pub really .. not many young ones in there .. Didn't eat.",161,264,True,0,,£1–10,Not rated,3,3,Not found
Raj Bansal,a month ago,4,At first you'd think what the hell have I walked into. But when you settle down you'll find its a very friendly place with locals as shoppers enjoying a few beers and a bite to eat.,3,No photos count,False,0,,£10–20,3,4,4,Not found
Mark Whittingham,a week ago,4,"Not the greatest decor of a Wetherspoon pub, but the staff are really friendly and attentive.",26,81,True,0,,£1–10,Not rated,5,3,Not found
David Wilson,4 months ago,2,"Shame the staff arn't very welcoming and the food (that wasn't in the fryer) was cold. Were made to feel uncomfortable and told had to order before 8:30, despite seeing food ordered later than us. Just felt judged and unwelcome",17,2,False,0,,Not found,2,2,2,Not found
bryangeeza,4 days ago,5,Nice atmosphere came for breakfast the good came out quick and the service was good,27,1,True,0,,£1–10,5,5,5,"English Breakfast, Traditional Breakfast"
gregg morrison,2 months ago,4,"Its a nice place but stingy on the portions its not often I come out of a restaurent feeling hungry,cheap enough though",43,1,True,0,,Not found,3,4,4,Not found
James Williams,3 months ago,5,Lovely place staff very friendly and willing to help. Food is great,18,6,True,0,,Not found,4,4,4,Not found
Roger Gray,a year ago,5,Don't know how they do it - a simple Jalfrezi curry with a decent pint for £7.75. Tasted great and was good value for money.,258,83,True,1,https://lh5.googleusercontent.com/p/AF1QipOyqdoRtQ3YoUqfAYEn8_LviX8GZFzF_MTr8mx2=w900-h675-p-k-no,Not found,Not rated,Not rated,Not rated,Not found
vince m,3 weeks ago,4,"Good beer and decent food menu.pub at the hub of the community with many regulars.caters for all age groups . Not a posh pub by any stretch of the imagination but friendly enough with good staff.Update, great Halloween spectacle in this pub lots of spooky images  and the staff full into the swing of things. Great atmosphere generated.",164,No photos count,False,0,,Not found,5,4,4,Not found
Yvonne Walsh,2 months ago,5,Always a good atmosphere and the food is great value for money.,17,6,False,0,,£10–20,5,5,5,Not found
arek jez,3 months ago,4,"Good food and service, but tables and toilets were dirty",27,6,True,0,,£1–10,4,4,2,Fried
J Keatin (Mrs k),2 months ago,1,No selection of food poor atmosphere fair service not a weekend evening venue,159,48,True,0,,Not found,1,2,1,Not found
Pluto Eclipse,9 months ago,5,"As usual with Wethers, it accurately represents the diversity of the local population. Service and quality immaculate as usual, great carpet",727,284,True,1,https://lh5.googleusercontent.com/p/AF1QipOmkEDt07QTT6G7ioV6allaXyU_JuJ8tohRVwNu=w900-h675-p-k-no,Not found,Not rated,Not rated,Not rated,Not found
tom parker,6 months ago,3,I think the sausage I had with my traditional breakfast was made of plastic today. Beautiful fried egg though 😋 …,9,No photos count,False,0,,Not found,Not rated,Not rated,Not rated,Not found
The Courier,9 months ago,2,A bit scruffy but the staff are great,69,100,True,2,"https://lh5.googleusercontent.com/p/AF1QipNt0V8kDWHLzabllNCwcfjn237e2hUtnocfp6_h=w450-h675-p-k-no,https://lh5.googleusercontent.com/p/AF1QipPF4YuUKgnnkcANcY5xLCmtSwBiUmF-BUYgjag6=w450-h675-p-k-no",Not found,Not rated,Not rated,Not rated,Not found
savannah James,a year ago,5,Fast service. Went in for a quiet drink after long day and staff was comforting.,16,5,True,2,"https://lh5.googleusercontent.com/p/AF1QipMCO54zDK5uy3F4L0blHJc-bwnHC1NwVzdQ6-kE=w450-h675-p-k-no,https://lh5.googleusercontent.com/p/AF1QipPTV0XBMT9AhikLY2tSdNPfPDw3lCp7V_iiSH5z=w450-h675-p-k-no",Not found,Not rated,Not rated,Not rated,Not found
Chili Lucas,8 months ago,5,"Great staff, good price
Dropped in for Friday lunch, place was so busy. Staff work so hard and are friendly. Should be expanded as always busy.",32,No photos count,False,0,,Not found,Not rated,Not rated,Not rated,Not found
Ed Lacey,a month ago,3,One of the few remaining places to go for a drink in Acocks Green which is slightly depressing,201,531,True,0,,£10–20,Not rated,3,2,Not found
Samanthas Stokes,2 months ago,5,Good full English washed dwn with a cold pint cheers.,17,15,True,0,,£20–30,5,5,4,Not found
Michael Beckles,6 months ago,5,"Nice staff
didn't have what I wanted on breakfast menu but staff went out of her  way to get what I wanted so well appreciated",125,4,True,0,,Not found,Not rated,Not rated,Not rated,Not found
David Partridge,7 months ago,5,"Great breakfast and a coffee. Really hot when it arrived.
Worth a visit if you are passing.",51,14,True,0,,Not found,Not rated,Not rated,Not rated,Not found
Garry James Oakes,a year ago,3,Working away we use weatherspoons alot. Walked 24 min and the don't even do mix grill Tuesday. 1st weatherspoons I've ever been to that is like this. Busy pub but not a good food place,386,270,True,0,,Not found,Not rated,Not rated,Not rated,Not found
Russell Arnold,a year ago,3,"Staff were great. If there was a swear jar for the clientele it would be full by midday. Ale was good, just a shame so many of the locals are Carling Academy. Had ""All day Brunch"" which was the highlight.
This place has a bit of a reputation, I'd call it caracter.
Il be back.",58,43,False,0,,Not found,Not rated,Not rated,Not rated,Not found
Penelope Stanley,5 years ago,3,"Service was fast even though the staff were very busy behind the bar. Although we did not eat here the menu was pretty nice and good value deals too. As the staff were very busy, the tables were not getting cleaned and tidied after people had had their meals. Coffee was available and I saw quite a few people taking advantage of the free refills. Tables were quite a bit too close together and rather difficult to get in and out of because of this.",144,118,True,0,,Not found,Not rated,Not rated,Not rated,Not found
Piotr S,5 years ago,5,"Pub full of local people. Food served fast. Very friendly staff, especially one of waitress",797,2994,True,2,"https://lh5.googleusercontent.com/p/AF1QipPrZJjq6rzYkgD1WuZ_dHWtqd7zwYw-ena2gF-X=w450-h675-p-k-no,https://lh5.googleusercontent.com/p/AF1QipNPSQ-yVhulZUrjEYwJVMfToB37LvbD7LGBGow-=w450-h675-p-k-no",Not found,Not rated,Not rated,Not rated,Not found
yuki karu,a year ago,2,"Staff were friendly, nice atmosphere. But unfortunately the breakfast has left me and family with food poisoning. Very disappointed as we love it there.",2,No photos count,False,0,,Not found,Not rated,Not rated,Not rated,Not found
Andrew Newman,a year ago,5,It was my birthday so we decided to treat ourselves to breakfast out. What fantastic value. Two breakfasts and two bottomless coffees for just over £10. Fantastic!!,24,1,True,0,,Not found,Not rated,Not rated,Not rated,Not found
Jo Mcloughlin,a year ago,5,"Popped in for a quick bite to eat after shopping. Great food, polite & speedy service, food was available and brought to table fast, hot and delicious.
Would recommend The Spread Eagle for food and service 10/10  👏👏👏 …",51,85,True,0,,Not found,Not rated,Not rated,Not rated,Not found
Paul Hands,a year ago,2,"Food very good..
Unfortunately the customers are not .
This is what happens when you sell cheap beer you get cheap people.
Won't be visiting again",4,No photos count,False,0,,Not found,Not rated,Not rated,Not rated,Not found
Jonda Jones,4 years ago,3,"Quite crowded, with 80%+ of the daytime customers being of pension age. As most Wetherspoons it is woefully understaffed. But that said, the staff I encountered were very polite and hard working. Food satisfactory, but still unable to buy any steak dishes since there supplier was be very replaced after the issue from a couple of years ago. Okay for quick pint and a meal when shopping in the bustling surrounding area.",13,No photos count,False,0,,Not found,Not rated,Not rated,Not rated,Not found
Marco De Francesco,5 years ago,4,"Very nice location for a Spoons! It's 4 stars because of how friendly the staff is and how fast orders get delivered, but it's not a 5 star because every burger ever ordered out of that kitchen is completely overcooked. I don't know how they do it, but they manage to overcook every single one. Regardless, cocktails are well made, staff actually check I.D in here, which is always good. Very cosy, mostly busy, and a great place to have a pint!",249,429,True,0,,Not found,Not rated,Not rated,Not rated,Not found
Cormac Finn O'Brien,9 months ago,4,Really reasonable app worked directly to your table. Hostess really nice 4/5 good job,2,No photos count,False,0,,Not found,Not rated,Not rated,Not rated,Not found
Geraldine Roche,a year ago,5,"Great pub, cheap prices. Lovely manager Helen and nice bar staff. Ran well",126,21,True,0,,Not found,Not rated,Not rated,Not rated,Not found
Raj BANSAL,3 years ago,4,"Working man's pub no Bells or whistles and friendly staff.
Not dog friendly and no standing at the bar.",34,143,True,1,https://lh5.googleusercontent.com/p/AF1QipNQzvzbaGaR6ck7wnt_5ShhC6Drmgf5u6D537Bs=w900-h675-p-k-no,Not found,Not rated,Not rated,Not rated,Not found
Christopher Whitehouse,5 years ago,4,Hi. The Spread Eagle has a very good range of beers and ciders plus wines and soft drinks. There is a good menu for people who want to eat at reasonable prices. The place was a bit scruffy hence only 4 stars but the staff were quite friendly and the toilets were clean.,133,85,True,0,,Not found,Not rated,Not rated,Not rated,Not found
David Prescott,a year ago,2,Food below average  burger warm but cheese not melted. Venue have gone downhill from 3yrs ago. Will not use again🤨 …,13,No photos count,False,0,,Not found,Not rated,Not rated,Not rated,Not found
Paul Palmer,3 months ago,5,Very lively. Always busy,19,2,True,0,,£10–20,Not rated,Not rated,Not rated,Not found
Emma Morris,5 months ago,5,Food was OK but drinks was mega cheep,37,2,True,0,,£20–30,3,5,5,Not found
vimal jogia,6 months ago,5,Lovely service especially when I'm knackered after work,4,No photos count,False,0,,Not found,Not rated,Not rated,Not rated,Not found
Samantha Gill,3 days ago,5,Always pleasent experience,10,No photos count,False,0,,Not found,5,5,5,English Breakfast
Charlie Sharp,4 years ago,2,Called here yesterday morning for a breakfast Placed my order & paid for a coffee as you get free refills. I was told by a member of the bar staff that they only had plastic cups as they were waiting for some clean mugs. Eventually got my mug but then the coffee machine had run out of milk. So I told a member of the bar staff who went to fetch some more milk. Went back to my table & my breakfast arrived Took a couple or so mouthfuls to find out the cooked breakfast I ordered was nearly cold. I then went back to the bar & went back to the bar to tell the staff about my breakfast.A lady standing at the bar told me the breakfast she had earlier was also cold & she had to hand it back. My second breakfast arrived & this was ok. No apology from staff whatsoever. I am afraid  I won't be visiting this particular pub again,131,No photos count,True,0,,Not found,Not rated,Not rated,Not rated,Not found
Balbir Singh,7 months ago,3,Not bad but could be a  bit more friendly 😉 …,1,No photos count,False,0,,Not found,Not rated,Not rated,Not rated,Not found
Martin Power,6 years ago,4,An oasis of calm and tranquility within the urban sprawl of Acocks Green. A friendly pub with bistro style dining.With an excellent range of exquisite ales. A warm ambience is transmitted from amiable and attractive bar staff. Would highly recommend a visit,73,41,True,0,,Not found,Not rated,Not rated,Not rated,Not found
Pete Simpson,a year ago,4,A local pub to visit with nice cold beer...,258,658,True,1,https://lh5.googleusercontent.com/p/AF1QipN_Qcr_irA6It_zm1z45z8nXFinfbdDBMn-jCRC=w900-h675-p-k-no,Not found,Not rated,Not rated,Not rated,Not found
Patrick Lambert,a year ago,4,Wetherspon are always a good place for a great deal and good service if you want a simple meal . Not fancy but we know what to expect . Very happy with the hole experience.,136,72,True,0,,Not found,Not rated,Not rated,Not rated,Not found
Ron Ingram,a year ago,5,I go most weeks for a breakfast   staff friendly the people the same clean recommends to anyone passing,151,61,True,0,,Not found,Not rated,Not rated,Not rated,Not found
Daz Gar,2 years ago,4,"The actual place is like any other local pub but the food was excellent we all had a empire state burger and probably the best I have had in a ""spoons"" and really quick service and staff excellent",32,19,True,0,,Not found,Not rated,Not rated,Not rated,Not found
Mairi Merricks,4 years ago,4,Very pleasant staff and food always served hot and not overcooked . Always enjoy my meal here. Value for money and enjoyable what more could you want.,9,3,True,0,,Not found,Not rated,Not rated,Not rated,Not found
Iian Conley,7 years ago,3,"The Spread Eagle is a part of the Wetherspoon's Chain.  Situated in the middle of Acocks Green, it is regularly very busy and attracts people of all ages.

There is a good selection of beer and wine available at reasonable prices.  The food menu also provides a wide variety of choice and dependent on what you choose, there are regularly offers available when you buy a drink with a meal.

Staff are friendly and sociable.  Customers can get a little rowdy in the evenings, so I would advise drinking somewhere else if you are after a quiet evening.  On occasion, some customers have had to be removed from the premises for unacceptable behaviour.  The staff though are excellent at handling this.",151,460,True,0,,Not found,Not rated,Not rated,Not rated,Not found
Nadia Mahmood,4 years ago,5,Friendly staff great food,60,93,True,1,https://lh5.googleusercontent.com/p/AF1QipPujUKeLLLywNfDNFV_aYy-nohZehA1PxOKYKVu=w900-h675-p-k-no,Not found,Not rated,Not rated,Not rated,Not found
Jas Duhela,3 years ago,3,Hi it's not a bad place for coffee tea etc but their breakfast is really bad.  There toasts are burnt and the sausages are hard when cooked. Lunches are ok.,48,1,True,0,,Not found,Not rated,Not rated,Not rated,Not found
Ronald Ingram,a year ago,5,Friendly clean reasonable prices breakfasts best I've had staff welcoming,115,8,True,0,,Not found,Not rated,Not rated,Not rated,Not found
Kade Cleaver,a year ago,5,Nice and cheap here just like a typical spoons bar staff are lovely and if you are from round the area you'll see a few faces you'll know,22,3,True,0,,Not found,Not rated,Not rated,Not rated,Not found
Steve Green,7 years ago,5,"An extremely friendly pub, with the traditional Wetherspoons offering of inexpensive food, real ales, cider and soft drinks (including plenty of attractive meal deals). Its high street location, free parking and transport connections also makes it a great place for friends to meet, even at the weekend.",2,No photos count,False,0,,Not found,Not rated,Not rated,Not rated,Not found
Lizzie Burgess,3 weeks ago,4,A quick curry and a wine ...,261,26,True,0,,£1–10,5,5,4,Not found
James West,a year ago,4,Standard Wetherspoon pub. Quick table service.,15,13,True,1,https://lh5.googleusercontent.com/p/AF1QipPmdCBn8oLOqNU9GPbNahco8yuat4ccQUNxoBll=w900-h675-p-k-no,Not found,Not rated,Not rated,Not rated,Not found
Simon Hames,a year ago,2,If you want a cheap pint it is fine. Small for a wetherspoons. It suits the area.,222,199,True,0,,Not found,Not rated,Not rated,Not rated,Not found
Kevin Bolger,6 years ago,4,I think the only problem I have with this pub is that sometimes when you come in you find ales you can get in many places. Mind you saying that you can go in there and sometimes find a gem ale hiding on a pump. When you do it is on top form. Find the chirpy staff refreshing too.,205,1,False,0,,Not found,Not rated,Not rated,Not rated,Not found
Christine Richards,4 years ago,4,"Good, friendly atmosphere.  Had the 'Pulled Chicken, Avocado and Bacon Salad '  lovely and fresh. The chicken was sliced, not Pulled as advertised though.",46,6,True,0,,Not found,Not rated,Not rated,Not rated,Not found
Terry Johnson,7 months ago,5,Staff excellent food cheep and and good,19,No photos count,False,0,,Not found,Not rated,Not rated,Not rated,Not found
Melvin Jose,8 months ago,4,The usual weatherspoon. Cheap and cheerful. Clean and friendly staff,219,449,True,0,,Not found,Not rated,Not rated,Not rated,Not found
ICHABOD,2 years ago,3,It's more of a drinking place than ordering food. Went there because it closer to my house. Reasonably priced food,17,4,False,0,,Not found,Not rated,Not rated,Not rated,Not found
Surrinder Kumar,5 years ago,4,"A Witherspoon's pub in Acocks Green ""Village"". Very popular at lunch times. The seats are abit too close together making the pub feel packed out. Could be cleaner and quieter. As always a good selection of beers and ales.",36,112,True,0,,Not found,Not rated,Not rated,Not rated,Not found
Claire Williams,a year ago,1,Staff very rude and got barred for no reason. Bad customer service when trying to speak to bar staff,3,No photos count,False,0,,Not found,Not rated,Not rated,Not rated,Not found
Ramona Gordon,5 years ago,5,The breakfast was great fresh and timely. Staff were kind and welcoming. And easy to approach. I would definitely recommend them to anyone.,51,25,True,0,,Not found,Not rated,Not rated,Not rated,Not found
Kez mahoney,5 years ago,5,"First time in here , very busy but I can understand why . Fast service, friendly barmaid (debbie) . Really good , hot meal . Will definitely be back ! Well done spread eagle",88,7,False,0,,Not found,Not rated,Not rated,Not rated,Not found
Sue,2 years ago,5,"Good food, drinks and great staff made sure we were comfortable, will definitely be returning.",13,3,False,0,,Not found,Not rated,Not rated,Not rated,Not found
Wayne Newman,7 years ago,4,Great selection of ale's... Little slow on service unless you are regular... However bar staff are polite and friendly....downside is the manageress is rude miserable and impolite,1,No photos count,False,0,,Not found,Not rated,Not rated,Not rated,Not found
Waxy,a year ago,4,"Nice friendly local, and a good pit stop when the buses decided to stop running!",188,600,True,0,,Not found,Not rated,Not rated,Not rated,Not found
Craig Davenport,3 years ago,5,Easy to order using app. Quick table service. Good rowdy atmosphere like a pub should be.,40,No photos count,True,0,,Not found,Not rated,Not rated,Not rated,Not found
Charlie Hayes,3 years ago,5,"Nice location, great service and decent food. Lovely view overlooking the town. Definitely recommended",23,37,True,0,,Not found,Not rated,Not rated,Not rated,Not found
r2 bigboy,a year ago,1,Hi guys in Google it said its dog friendly when we came in the lady said no dogs allowed  how does it work then need answers?????,1,No photos count,False,0,,Not found,Not rated,Not rated,Not rated,Not found
Angela Mitchell,5 years ago,3,"Food ok. Steak fatty. Toilets poor, last checked at 3.30pm. This place really needs a refit. Staff always pleasant.",41,3,False,0,,Not found,Not rated,Not rated,Not rated,Not found
Donna Saskia Curran,5 years ago,4,"Lovely bar in Acocks green which server food including breakfast at an reason price. The bar staff are ok and are helpful. The Spread Eagle is located opposite Holy souls Roman Catholic church and Sainsburys.

The Spread Eagle is walking distance from many of the shops in Acocks Green and from Acocks Green station and the 37 bus route runs past the bar.",200,24,True,0,,Not found,Not rated,Not rated,Not rated,Not found
Lynsey Mornington,4 years ago,5,Had the 10oz steak n chips delicious well-done to the cook barstaff always super friendly would recommend the mango gin n tonic 😉 …,29,No photos count,False,0,,Not found,Not rated,Not rated,Not rated,Not found
Nigelpotts Potts,10 months ago,3,"Average wetherspoons, cheerful helpful staff, limited guest ale's",377,14878,True,0,,Not found,Not rated,Not rated,Not rated,Not found
jodie porteous,a year ago,3,"The only pub left in the village, cheap, cheerful with limited parking.",58,3,False,0,,Not found,Not rated,Not rated,Not rated,Not found
Bubblie gill,5 years ago,5,"Tasty food.. Staff are polite..
I work with adults with learning disabilities and the staffs in there are excellent with then when we go there..",19,No photos count,True,0,,Not found,Not rated,Not rated,Not rated,Not found
Daniel Benton,a year ago,1,Don't park at the back. The ticket machine is broken and you will be fined for the privilege.,17,65,True,0,,Not found,Not rated,Not rated,Not rated,Not found
Joubin Torabi,3 years ago,5,We went to the spread Eagle yesterday and my veggie burger and chips and side salad and j20 orange and passion fruit was nice as well and the atmosphere is nice,25,No photos count,True,0,,Not found,Not rated,Not rated,Not rated,Not found
Merchant family,7 years ago,3,Local pub where u can come for a bite to eat n a drink a good chat with locals from the area never had a problem here staff are friendly n polite,218,112,True,0,,Not found,Not rated,Not rated,Not rated,Not found
StoneAngel123,5 years ago,5,"Great place, cheap drinks, foods great as always and the staff are always friendly. Recommend if your in Acocks Green and thirsty!",45,4,False,0,,Not found,Not rated,Not rated,Not rated,Not found
Adrian Parker,5 years ago,5,"Great staff in there. Food is tasty and of course, cheap beer in Wetherspoons. Also open Christmas day which is a bonus!",178,123,True,0,,Not found,Not rated,Not rated,Not rated,Not found
George Booth,2 years ago,4,Nice friendly staff and lots of people to talk to as well as nice food,16,No photos count,True,0,,Not found,Not rated,Not rated,Not rated,Not found
Jakob Morrissey,6 years ago,2,"Staff can't be faulted, but as is normal with Wetherspoons watered down alcohol and frozen food warmed up in a microwave.
Has potential.",25,No photos count,True,0,,Not found,Not rated,Not rated,Not rated,Not found
Keeley Stanley,2 years ago,5,I can’t wait til this place reopens! My go to for a nice meal after a long days work!!! 👏🤤 …,45,13,True,0,,Not found,Not rated,Not rated,Not rated,Not found
Shaun White,7 years ago,5,Had a nice few drinks had the craic with the Irish crowd my grandad an all his old pals lol staff are welcoming an every friendly nice pub tbh,1,No photos count,False,0,,Not found,Not rated,Not rated,Not rated,Not found
rajesh dhokia,5 years ago,5,"Visited first time, very much please with food and drink specially curry night, friendly atmosphere and staff, very reasonable price 👍 …",7,47,False,0,,Not found,Not rated,Not rated,Not rated,Not found
david thompson,7 months ago,5,Great pub nice staff,7,No photos count,False,0,,Not found,Not rated,Not rated,Not rated,Not found
Debs West,2 years ago,4,"First visit since beginning of 2020.
Friendly as ever and a good atmosphere. We'll be back 😃 …",17,No photos count,False,0,,Not found,Not rated,Not rated,Not rated,Not found
Mariusz Pietraszewski,4 years ago,5,Great place to be when you want to feel real taste and atmosphere of the English Pub. Excellent service!,2,No photos count,False,0,,Not found,Not rated,Not rated,Not rated,Not found
Lisa Vickers,3 years ago,5,As always girls behind counter very officent glass collector lovely shame there isn't more 6 people tables but excellent service well done guys despite all these difficulties,66,No photos count,False,0,,Not found,Not rated,Not rated,Not rated,Not found
Russ Willington,6 years ago,2,Decent beer and staff but it's not a place I would want to spend anytime in,25,2,True,0,,Not found,Not rated,Not rated,Not rated,Not found
Steve Fulford,a year ago,4,Friendly bar staff nice atmosphere cheap 🍺 …,9,No photos count,False,0,,Not found,Not rated,Not rated,Not rated,Not found
Santiago Hilton,a year ago,5,With a good group could be fun for me it was. Go easy📸 …,36,41,True,0,,Not found,Not rated,Not rated,Not rated,Not found
Mike Lockett,4 years ago,4,"Regular stop for large breakfast. Great value, served quickly, good quality. Clean and tidy.",30,9,True,0,,Not found,Not rated,Not rated,Not rated,Not found
Mike Nash,2 years ago,3,"Good morning breakfast,staff welcomed  you and a excellent cup of coffee.",187,945,True,0,,Not found,Not rated,Not rated,Not rated,Not found
Gillian Groutage,2 years ago,3,Very busy not our best place. Been in much better wetherspoons,85,2,False,0,,Not found,Not rated,Not rated,Not rated,Not found
Col Richards,2 years ago,2,"Noisy, rough, full of boozing blokes! Definitely not a family or social pub.",58,2,True,0,,Not found,Not rated,Not rated,Not rated,Not found
Phil Lye,5 years ago,5,Great choice good food and drinks great staff,98,15,True,0,,Not found,Not rated,Not rated,Not rated,Not found
paul smith,a year ago,5,Nice friendly pub where everyone seems to know each other,332,205,True,0,,Not found,Not rated,Not rated,Not rated,Not found
Brendan Daly,4 years ago,5,"Brilliant service
Fine food  (breakfast good value)
Staff really helpful",2,No photos count,False,0,,Not found,Not rated,Not rated,Not rated,Not found
Helen Bateman,2 years ago,3,Ok for getting a drink if passing by.........Ordered on the App but service seemed to take a long time till the drinks arrived.,108,415,False,0,,Not found,Not rated,Not rated,Not rated,Not found
Maria G,7 years ago,4,"The food was nice, considering how busy it was the food came quite quickly and was nice.  Would recommend",49,5,True,0,,Not found,Not rated,Not rated,Not rated,Not found
Matthew Evans,5 years ago,4,"Good pub, in the heart of AAcokcs Green. Definitely needs a make over out the back though; no seating a just a bit grotty.",41,2,True,0,,Not found,Not rated,Not rated,Not rated,Not found
STEPHEN PETER GOUGH,3 years ago,5,Friendly staff and the locals were friendly as well Had a great night there.,140,24,True,0,,Not found,Not rated,Not rated,Not rated,Not found
Elaine Stanley,4 years ago,5,Food great people nice and friendly bar staff so polite well done the spread Eagle 🦅 🌞. …,1,No photos count,False,0,,Not found,Not rated,Not rated,Not rated,Not found
Brendan Boland,2 years ago,5,"Great service using wetherpoons app, we'll run , great choice of food and drink.",47,1,False,0,,Not found,Not rated,Not rated,Not rated,Not found
Ian Davis,6 years ago,3,Standard wetherspoons pub. Gets too busy though and not always seating available. Paid carpark right out the back and central location. Cheap drink and food.,249,234,True,0,,Not found,Not rated,Not rated,Not rated,Not found
George simkins,2 years ago,5,brilliant place but the interior not to my taste at all but that's just me,119,1,True,0,,Not found,Not rated,Not rated,Not rated,Not found
Daddy & Daughter singh,3 years ago,5,Nice place in acocks village. Staff always friendly and willing to go the extra mile. Keep it up peeps.,42,No photos count,True,0,,Not found,Not rated,Not rated,Not rated,Not found
Gerald Miles,5 years ago,4,Very enjoyable breakfast,5,81,True,3,"https://lh5.googleusercontent.com/p/AF1QipPAJDao-UyssqkkOaqQmZhtaoJiavbZmy1ZQEce=w450-h675-p-k-no,https://lh5.googleusercontent.com/p/AF1QipPfiXSsuVwVRJ_ew1O_ijO8GtV4k1-hLqiAy1Cy=w450-h338-p-k-no,https://lh5.googleusercontent.com/p/AF1QipPX6MtE7svIsX-rpiwO47dGgLAxFDdazg2mB23c=w450-h338-p-k-no",Not found,Not rated,Not rated,Not rated,Not found
Kerry O'sullivan,a year ago,4,Nice lively till about 6 nice place beers good price,52,691,True,0,,Not found,Not rated,Not rated,Not rated,Not found
David Brown,3 years ago,2,This place no longer serves steak. Tuesday Grill nights no longer on offer. There is nothing to replace this. Customer requests are ignored. Very poor service,42,No photos count,True,0,,Not found,Not rated,Not rated,Not rated,Not found
Saida Merali,3 years ago,5,The food was lovely good service the staff were friendly.,95,No photos count,True,0,,Not found,Not rated,Not rated,Not rated,Not found
Linda Merchant,5 years ago,4,We love our breakfast at weatherspoon. ..staff are wonderful and the breakfast taste so nice😊x lin chris …,19,13,False,0,,Not found,Not rated,Not rated,Not rated,Not found
Damon Snow,4 years ago,4,Good food and drink and very busy. A good place for a quick drink and meet a friend.,10,No photos count,True,0,,Not found,Not rated,Not rated,Not rated,Not found
Robert Dent,4 years ago,4,Stopped in for a post shopping pint and a bite. Pleasantly surprised to find the Ruddles reduced to £1.69. stayed for two.,20,30,True,0,,Not found,Not rated,Not rated,Not rated,Not found
Angela Stephens,5 years ago,5,Loved it here...staff are amazing good all round morning with a scrumptious brekkie...thank you guys...,1,No photos count,False,0,,Not found,Not rated,Not rated,Not rated,Not found
Blackrose1394,4 years ago,2,"The only reason we went there was for for good, reasonably priced food. Something was 'broken' on a Friday night of all days.",3,No photos count,False,0,,Not found,Not rated,Not rated,Not rated,Not found
Bob Edgecombe,5 years ago,4,"Very popular place for the older generation, who are queuing up at opening time for their teas and coffees. A social hub of sorts.",348,1,True,0,,Not found,Not rated,Not rated,Not rated,Not found
Belinda Stafford,5 years ago,5,Amazing food and fantastically friendly staff..would highly recommended,45,9,True,0,,Not found,Not rated,Not rated,Not rated,Not found
John Cain,a month ago,3,gone downhill recently never enough staff and lots of beggars,22,No photos count,True,0,,Not found,5,1,3,Not found
Karen Boland,5 years ago,5,Very welcoming. Staff all eager to help. Nice friendly pub.,4,No photos count,False,0,,Not found,Not rated,Not rated,Not rated,Not found
Paul Lawrence,5 years ago,5,Really good pub the staff are very good no waiting for drinks and food and very friendly atmosphere,5,No photos count,True,0,,Not found,Not rated,Not rated,Not rated,Not found
Crystal Darrot,2 years ago,5,Always good food an excellent customer service 👏👌😊 …,152,5,True,0,,Not found,Not rated,Not rated,Not rated,Not found
T GGT,6 years ago,4,Lovely manager.  Kid that served was a bit green.  Can't really complain too much.,194,130,True,0,,Not found,Not rated,Not rated,Not rated,Not found
Hazel Woodward,5 years ago,1,"Awful, rude staff who served regular customers before anyone else we left without eating . Would not recommend gets one star as I have to put something",2,No photos count,False,0,,Not found,Not rated,Not rated,Not rated,Not found
Wolfie-Smith the Game Cub,a year ago,5,Had a lovely beef madras. Staff friendly.,5,No photos count,False,0,,Not found,Not rated,Not rated,Not rated,Not found
chris bourner,a year ago,5,"Good food, very busy place",793,2013,True,0,,Not found,Not rated,Not rated,Not rated,Not found
Wayne Cotterill,6 years ago,5,"Old school local , friendly ,great staff , real ale 90% , cheap as chips , chat and laff , great pub !!!",2,No photos count,False,0,,Not found,Not rated,Not rated,Not rated,Not found
howard woodley,5 years ago,3,Good meal. Seating for a large party a little cramped but overall good value,9,7,True,0,,Not found,Not rated,Not rated,Not rated,Not found
Nilesh Parekh,a year ago,3,Busy but nice for a quick cheap pint!,242,518,True,0,,Not found,Not rated,Not rated,Not rated,Not found
Elbert Joy,2 years ago,5,Best spoons in AG nice and fast service and enough room inside and outside,56,20,True,0,,Not found,Not rated,Not rated,Not rated,Not found
paul brown,4 years ago,5,One of the best Wetherspoons in the West Midlands. Great staff and down to earth customers,1350,6926,True,0,,Not found,Not rated,Not rated,Not rated,Not found
Jon Wilson,6 years ago,3,Friendly and helpful staff :) Slight issue (occasionally) with having to request a change of ale barrel.,28,No photos count,False,0,,Not found,Not rated,Not rated,Not rated,Not found
Steven O'Malley,6 years ago,4,Cheap and cheerful. Might look a bit rough from the outside but it's actually a decent cheap pub.,151,174,True,0,,Not found,Not rated,Not rated,Not rated,Not found
Martyn Williams,10 years ago,5,Best pub in the Acocks Green area. Top Manageress and great food. Real Ales great.,29,No photos count,False,0,,Not found,Not rated,Not rated,Not rated,Not found
lisa roberts,3 years ago,5,"Very polite. It's just a weatherspoon, food went back, cold breakfast. Rectified.",157,173,True,0,,Not found,Not rated,Not rated,Not rated,Not found
Joe Josephson,6 years ago,5,Great cosy pub seves food friendly staff great atmosphere,15,1,True,0,,Not found,Not rated,Not rated,Not rated,Not found
Robert Brennan,6 years ago,4,"The service is good and food.the drinks are
Teap the depens what you drink",11,No photos count,False,0,,Not found,Not rated,Not rated,Not rated,Not found
Anne Burgess,6 months ago,5,Poppedin for late breakfast after a funeral.,235,908,True,0,,Not found,Not rated,Not rated,Not rated,Not found
DEAN JONES,a year ago,5,great place would definitely go back again,38,2,False,0,,Not found,Not rated,Not rated,Not rated,Not found
Mick Cozza,5 years ago,3,"Good grub and cheap good beer ,needs decorating and toilets need cleaning ,",55,4,True,0,,Not found,Not rated,Not rated,Not rated,Not found
J M,a year ago,1,The people who frequent here sure like to heckle cyclists riding past here in the evenings...,2,No photos count,False,0,,Not found,Not rated,Not rated,Not rated,Not found
Brendan Glennon,4 years ago,1,Very rude manager.moody and arogant.his name is Tom.and is a total jobworth.lots of my friends wont go to the spread eagle because of him.,8,No photos count,False,0,,Not found,Not rated,Not rated,Not rated,Not found
Sam Mort,5 years ago,5,Decent food at decent prices and the staff are friendly.,10,No photos count,False,0,,Not found,Not rated,Not rated,Not rated,Not found
kav6 66,3 years ago,5,Friendly staff and GOOD cheap beer on a Monday.,12,No photos count,False,0,,Not found,Not rated,Not rated,Not rated,Not found
Mark Duffy,5 years ago,5,"Great beer, Great food served by delightful polite staff",112,67,True,0,,Not found,Not rated,Not rated,Not rated,Not found
Lisa Dellow,4 years ago,3,Typical Wetherspoons pub. Enjoyed coming in for a pint with my husband. Whilst passing through Acocks Green.,49,1,True,0,,Not found,Not rated,Not rated,Not rated,Not found
Dev Singh,2 years ago,5,"Great value, good food at a great price",139,240,False,0,,Not found,Not rated,Not rated,Not rated,Not found
Robert Hale,4 years ago,4,Nice place nice atmosphere helpful staff good beer,43,17,False,0,,Not found,Not rated,Not rated,Not rated,Not found
Ray powell,5 years ago,4,"It is a good local pub serving good food and drinks, for the locals.",16,45,True,0,,Not found,Not rated,Not rated,Not rated,Not found
Mick Connolly,2 years ago,4,Nice food and friendly staff.,30,6,False,0,,Not found,Not rated,Not rated,Not rated,Not found
Christine Foster,5 years ago,3,"Nice breakfast, friendly service
A good pint of Guinness",14,No photos count,True,0,,Not found,Not rated,Not rated,Not rated,Not found
Stev6 Free,3 years ago,4,"Friendly barstaff,host ,cheap beer ,good older crowd.",19,No photos count,False,0,,Not found,Not rated,Not rated,Not rated,Not found
Hilton Kitchen,4 years ago,4,Good food. Friendly service staff.,20,39,False,0,,Not found,Not rated,Not rated,Not rated,Not found
billy mcdougall,5 years ago,4,"Cheap, delicious breakfast. Free parking. Will call again",90,14,True,0,,Not found,Not rated,Not rated,Not rated,Not found
Miryan Hernández Pérez,4 years ago,4,Nice breakfast and food. Good value for money,27,17,True,0,,Not found,Not rated,Not rated,Not rated,Not found
Richard Green,2 years ago,4,It's an ok place for a quick beer,51,35,True,0,,Not found,Not rated,Not rated,Not rated,Not found
Mark Duffy,6 years ago,4,"Great beer, friendly staff, good food",49,17,True,0,,Not found,Not rated,Not rated,Not rated,Not found
Pavinderdeep Nahal,5 years ago,5,"Great Wetherspoons pub, really friendly people. And good food too.",25,No photos count,True,0,,Not found,Not rated,Not rated,Not rated,Not found
Sarah Larkin,4 years ago,3,Ok pub but food tends to be over cooked and steak that's on the chewy side.,24,3,True,0,,Not found,Not rated,Not rated,Not rated,Not found
allan wood,4 years ago,4,"A busy place, great beer. Especially when you're dodging the rain outside..",72,582,True,1,https://lh5.googleusercontent.com/p/AF1QipNFvhkBY0VSHNZFEHB9mL0FupnbAImnHIz6WiPn=w900-h675-p-k-no,Not found,Not rated,Not rated,Not rated,Not found
andy brown,4 years ago,1,not very good breakfast .breakfast was missing part and staff not very friendly when it was point out,58,1,True,0,,Not found,Not rated,Not rated,Not rated,Not found
Lesley Christmas,5 years ago,3,"Nice food, but always seems really crowded.",110,No photos count,True,0,,Not found,Not rated,Not rated,Not rated,Not found
Dennis Hands,4 years ago,5,Its friendly pub got a good selection of cask beers,48,No photos count,True,0,,Not found,Not rated,Not rated,Not rated,Not found
Gary C,5 years ago,3,Ok for a few beers and food and nicely priced 👌 …,53,8,True,0,,Not found,Not rated,Not rated,Not rated,Not found
N K,5 years ago,2,Really dated pub that needs renovating. The 2 stars are for the service which is good.,13,No photos count,True,0,,Not found,Not rated,Not rated,Not rated,Not found
Ian Reeves,2 years ago,5,Great place best pub in the village,6,No photos count,False,0,,Not found,Not rated,Not rated,Not rated,Not found
Balbir Kaur,5 years ago,3,Average food but the staff are fantastic,72,No photos count,True,0,,Not found,Not rated,Not rated,Not rated,Not found
Jenny Rose,7 years ago,5,Excellent pub. Service is very friendly and efficient.,5,No photos count,False,0,,Not found,Not rated,Not rated,Not rated,Not found
Jean Molyneux,5 years ago,2,Food is good very popular with locals and friendly,105,No photos count,True,0,,Not found,Not rated,Not rated,Not rated,Not found
Ian Lawrie,10 years ago,5,Very good thir the mangers and staf are so nice thir . The food ok to .,1,No photos count,False,0,,Not found,Not rated,Not rated,Not rated,Not found
David Meakin,5 years ago,5,"Decent food, friendly staff.",14,1,False,0,,Not found,Not rated,Not rated,Not rated,Not found
Nilved Baby,2 years ago,2,Half an hour for breakfast to come out and sausages were not nice,43,63,True,0,,Not found,Not rated,Not rated,Not rated,Not found
Robert Madeley,5 years ago,1,Felt anxious when visited...we rushed through food and one drink to get out..seemed Like a place for just locals,2,No photos count,False,0,,Not found,Not rated,Not rated,Not rated,Not found
david parker,5 years ago,5,Nice food pleasant staff adaqait parking,15,No photos count,True,0,,Not found,Not rated,Not rated,Not rated,Not found
Dawn Dent,7 years ago,4,"Decent pint, friendly staff, it's Witherspoon's so you know what you're getting",16,No photos count,True,0,,Not found,Not rated,Not rated,Not rated,Not found
Psilocybe 3,6 years ago,5,Awesome pub with low low prices on house and guest ales.,95,95,True,0,,Not found,Not rated,Not rated,Not rated,Not found
Matthew Hill,5 years ago,4,Good wetherspoons but some customers are a bit rough and ready....,38,No photos count,True,0,,Not found,Not rated,Not rated,Not rated,Not found
Martyn Craigson,4 years ago,4,Friendly staff and nice food,24,No photos count,False,0,,Not found,Not rated,Not rated,Not rated,Not found
Taz W,a year ago,4,Great when it's not too busy,43,1,True,0,,Not found,Not rated,Not rated,Not rated,Not found
Samantha Cole,6 years ago,3,Ok if you like drinking all day long with the locals of ag!,5,42,True,0,,Not found,Not rated,Not rated,Not rated,Not found
Alan Breeze,5 years ago,3,Staff good some regulars off putting for a quick return,9,No photos count,False,0,,Not found,Not rated,Not rated,Not rated,Not found
Alan Davies,3 years ago,3,Not the best Wetherspoons pub but the beer is cheap and it is where my friends drink.,120,No photos count,True,0,,Not found,Not rated,Not rated,Not rated,Not found
Paul Devivo,2 years ago,4,"Ok, community Wetherspoons. Comfortable enough, great value.",973,2683,False,0,,Not found,Not rated,Not rated,Not rated,Not found
mores20,a year ago,5,Excellent food and staff,13,No photos count,False,0,,Not found,Not rated,Not rated,Not rated,Not found
It's Baggy,5 years ago,4,"Nice food ""traditional pub"" atmosphere.",60,1,True,0,,Not found,Not rated,Not rated,Not rated,Not found
nimmi chotrani,4 years ago,5,As usual always their fish and chips is superb,42,29,True,0,,Not found,Not rated,Not rated,Not rated,Not found
Dave Wilkinson,a year ago,5,Only place for pub food in Acocks green,14,No photos count,False,0,,Not found,Not rated,Not rated,Not rated,Not found
Sunny Chana,6 years ago,4,Great pub and foods. Plently of seats everywhere,61,128,True,0,,Not found,Not rated,Not rated,Not rated,Not found
andrew white,3 years ago,2,"Full of drunk old men, limited menu (no steaks) and badly needs a clean.",361,70,True,0,,Not found,Not rated,Not rated,Not rated,Not found
Caroline Doherty,5 years ago,5,"My local, bit rough and ready. Good friendly armosphere",25,458,True,0,,Not found,Not rated,Not rated,Not rated,Not found
Max Priddy,7 years ago,4,"Typical Wetherspoons pub, cozy atmosphere and is quite popular with locals.",135,190,True,0,,Not found,Not rated,Not rated,Not rated,Not found
jhanae mcdonald mills,4 years ago,5,Great food all round and lovely stafg,10,3,False,0,,Not found,Not rated,Not rated,Not rated,Not found
Andrew Parry,4 years ago,5,Lovely staff and great food.,73,5,True,0,,Not found,Not rated,Not rated,Not rated,Not found
Aneta Sarnowska,6 years ago,5,Very nice traditional breakfast and nice staff.,17,3,True,0,,Not found,Not rated,Not rated,Not rated,Not found
Mark Cook,2 years ago,2,"Commercial Wetherspoons public house, sat down and forgotten about during lockdown.",19,No photos count,True,0,,Not found,Not rated,Not rated,Not rated,Not found
diane hayes,11 months ago,4,OK place for a nice drink,9,4,False,0,,Not found,Not rated,Not rated,Not rated,Not found
Steve Westwood,4 years ago,5,Lovely food at a great price,27,No photos count,True,0,,Not found,Not rated,Not rated,Not rated,Not found
Anthony Nash,6 years ago,4,Good choice of beers and great value too.,51,No photos count,True,0,,Not found,Not rated,Not rated,Not rated,Not found
Ben Samson,5 years ago,3,In need of a lick of paint and new carpets. It's a Wetherspoons you know what you are going to get,13,1,True,0,,Not found,Not rated,Not rated,Not rated,Not found
Janet Bennet,6 years ago,4,Its got nice food and always full,39,No photos count,True,0,,Not found,Not rated,Not rated,Not rated,Not found
OG officiallyghost,2 years ago,5,Fry up and a pint can't go wrong,47,25,True,0,,Not found,Not rated,Not rated,Not rated,Not found
Pramjit Parker,2 years ago,5,Excellent service tasty food,34,1,False,0,,Not found,Not rated,Not rated,Not rated,Not found
Ann Toole,5 years ago,5,Good pub good food and great value,7,No photos count,False,0,,Not found,Not rated,Not rated,Not rated,Not found
Patrick Byrne,5 years ago,5,Good beer and good food and atmosphere,4,No photos count,False,0,,Not found,Not rated,Not rated,Not rated,Not found
Paul Mccann,3 years ago,5,Good food and drink at good prices,43,53,True,0,,Not found,Not rated,Not rated,Not rated,Not found
Mary Donohoe,4 years ago,5,beautiful food. friendly staff.,36,5,False,0,,Not found,Not rated,Not rated,Not rated,Not found
Stephen Lowe,9 years ago,1,The pub and beers are fine it just attracts some less desirable,107,158,True,0,,Not found,Not rated,Not rated,Not rated,Not found
lemmy999 (lemmy999),2 years ago,4,"Good ales, nice staff.",19,No photos count,True,0,,Not found,Not rated,Not rated,Not rated,Not found
jenni harrison,6 years ago,4,Typical Weatherspoon pub. Cheap. Quick food service.,150,287,True,0,,Not found,Not rated,Not rated,Not rated,Not found
Andrew Brown,5 years ago,5,very good breakfast and the coffee is fantastic,74,7,True,0,,Not found,Not rated,Not rated,Not rated,Not found
Gdot 1,2 years ago,4,Good food and friendly people,15,2,False,0,,Not found,Not rated,Not rated,Not rated,Not found
gerry horan,a year ago,5,Good food great service,140,40,True,0,,Not found,Not rated,Not rated,Not rated,Not found
Leigh Hull,5 years ago,3,"Good value for money, basic pub",18,No photos count,False,0,,Not found,Not rated,Not rated,Not rated,Not found
Roger Havard,a year ago,5,Very good value for the money,47,10,False,0,,Not found,Not rated,Not rated,Not rated,Not found
Laurie Bebb,6 years ago,4,Good noisy but friendly pub.,137,15,False,0,,Not found,Not rated,Not rated,Not rated,Not found
CARL EDWARDS,a year ago,5,Busy High Street public house with friendly staff,34,No photos count,True,0,,Not found,Not rated,Not rated,Not rated,Not found
Martin Dalton,6 years ago,3,"Nice food, quick service",153,45,True,0,,Not found,Not rated,Not rated,Not rated,Not found
Lynne Allen,5 years ago,5,Busy but food arrived quickly.,98,10,True,0,,Not found,Not rated,Not rated,Not rated,Not found
Masuma Khatun,5 years ago,4,Love their cookie dough with ice cream,8,No photos count,False,0,,Not found,Not rated,Not rated,Not rated,Not found
Richard Mills,6 years ago,3,"It's a Weatherspoons....it's cheap, food is OK nothing special.",290,154,True,0,,Not found,Not rated,Not rated,Not rated,Not found
patrick byrne,4 years ago,5,Good pub great food and beer,5,No photos count,False,0,,Not found,Not rated,Not rated,Not rated,Not found
wiggett nicholas,9 years ago,3,Full of alkys...especially tony wilks aka greeky aja cockroach,1,No photos count,False,0,,Not found,Not rated,Not rated,Not rated,Not found
Michael Hands,5 years ago,3,Friendly staff and I enjoyed the coffee,79,2,True,0,,Not found,Not rated,Not rated,Not rated,Not found
Andy J,5 years ago,4,Nice food nice staff friendly place,174,469,True,0,,Not found,Not rated,Not rated,Not rated,Not found
David Stephen Clougher,6 years ago,5,Never meet helpfull and happy politefull staff.,81,No photos count,True,0,,Not found,Not rated,Not rated,Not rated,Not found
Francis Hands,4 years ago,5,Good place for having a drink with friends,71,No photos count,True,0,,Not found,Not rated,Not rated,Not rated,Not found
Dj k6,2 years ago,5,Staff were very helpful 🙂 …,43,No photos count,False,0,,Not found,Not rated,Not rated,Not rated,Not found
BOB SPROSON,9 years ago,4,Needs more staff waiting far to long sometimes to get served.,1,No photos count,False,0,,Not found,Not rated,Not rated,Not rated,Not found
Terry Barnett,5 years ago,3,Ok if you like a cheap pint,92,59,True,0,,Not found,Not rated,Not rated,Not rated,Not found
Daniel Pitham,2 years ago,1,It's a dive full of wannabe gangsters. Avoid,12,No photos count,False,0,,Not found,Not rated,Not rated,Not rated,Not found
Jade Mcdonnell,4 years ago,5,Lovely food staff and food,11,3,True,0,,Not found,Not rated,Not rated,Not rated,Not found
waggo thomas,9 years ago,2,Fcukin dive jobless no life dole dossers!!!! And the place stinks,2,No photos count,False,0,,Not found,Not rated,Not rated,Not rated,Not found
roroy d,5 years ago,3,"Ran out of poached eggs, but fried eggs were in stock.....??",6,No photos count,False,0,,Not found,Not rated,Not rated,Not rated,Not found
hunny monster,6 years ago,4,You know what you are going to get with Wetherspoons. Friendly and always busy!,20,37,True,0,,Not found,Not rated,Not rated,Not rated,Not found
Elaine Mills,3 years ago,5,Nice friendly staff and nice atmosphere.,3,No photos count,False,0,,Not found,Not rated,Not rated,Not rated,Not found
Garry Geoghegan,4 years ago,3,Could do with update on decorative and furniture,116,No photos count,True,0,,Not found,Not rated,Not rated,Not rated,Not found
donal o' keeffe,a year ago,4,Cheap and quick service,36,No photos count,True,0,,Not found,Not rated,Not rated,Not rated,Not found
RastaDC,5 years ago,4,Friendly local pub good in the sun,185,69,True,0,,Not found,Not rated,Not rated,Not rated,Not found
julie styles,6 years ago,1,Don't like the place to noisy,9,3,True,0,,Not found,Not rated,Not rated,Not rated,Not found
Saleem Chohan,5 years ago,4,Lively atmosphere with a great crowd of people,12,No photos count,False,0,,Not found,Not rated,Not rated,Not rated,Not found
Theresa Burke,5 years ago,4,Friendly place staff quite pleasant,9,No photos count,False,0,,Not found,Not rated,Not rated,Not rated,Not found
Gordon hubbleday,5 years ago,5,But there kitchen  was not working  right limited  food,8,No photos count,False,0,,Not found,Not rated,Not rated,Not rated,Not found
Roy Grantham,5 years ago,3,Good for meeting people and Freund's,12,No photos count,True,0,,Not found,Not rated,Not rated,Not rated,Not found
Perry Sutton,4 years ago,5,"Usual Whetherspoons. Good beer, good prices.",22,No photos count,True,0,,Not found,Not rated,Not rated,Not rated,Not found
Jonathan Krull,6 years ago,4,Fine as far as chain pubs go.,33,No photos count,True,0,,Not found,Not rated,Not rated,Not rated,Not found
Jonathan Branson,4 years ago,5,Very friendly and helpful staff.,39,No photos count,False,0,,Not found,Not rated,Not rated,Not rated,Not found
mark lewis,6 years ago,3,Food can be a little bit hit and miss,54,26,True,0,,Not found,Not rated,Not rated,Not rated,Not found
Maqbool Masi,7 months ago,5,Excellent food,10,3,False,0,,Not found,Not rated,Not rated,Not rated,Not found
Robert Bobadilla,a year ago,5,Rough hole but alright.,70,18,True,0,,Not found,Not rated,Not rated,Not rated,Not found
John Edmeade,6 years ago,5,Excellent can't be beaten on price.,91,7,True,0,,Not found,Not rated,Not rated,Not rated,Not found
Michael Harrigan,4 years ago,3,Tad dark and dingy inside. Average all over.,57,No photos count,True,0,,Not found,Not rated,Not rated,Not rated,Not found
Gary Blake,4 years ago,3,"Witherspoon at its best
Nice friendly staff",188,84,True,0,,Not found,Not rated,Not rated,Not rated,Not found
Gwen Hogan,5 years ago,4,Friendly good bar &food,165,4,True,0,,Not found,Not rated,Not rated,Not rated,Not found
Liz Conner,5 years ago,4,Quick service friendly staff,7,5,False,0,,Not found,Not rated,Not rated,Not rated,Not found
Keith Henderson,6 years ago,4,Good beer not to expensive,487,54,True,0,,Not found,Not rated,Not rated,Not rated,Not found
Alan Mayo,a year ago,5,A very good place to go to,11,No photos count,False,0,,Not found,Not rated,Not rated,Not rated,Not found
Tony Murphy,6 years ago,4,Good food and atmosphere,4,No photos count,False,0,,Not found,Not rated,Not rated,Not rated,Not found
bryan coleman,7 months ago,5,Excellent,94,No photos count,True,0,,Not found,Not rated,Not rated,Not rated,Not found
Stephen Lee,6 years ago,5,Typical weatherspoons with lovely staff.,19,13,False,0,,Not found,Not rated,Not rated,Not rated,Not found
Wes,6 years ago,5,"Cheap and cheerful, good ales.",30,1,True,0,,Not found,Not rated,Not rated,Not rated,Not found
Dennis Stockhall,9 years ago,1,Argh not nice carlsberg poor,1,No photos count,False,0,,Not found,Not rated,Not rated,Not rated,Not found
dave hunt,4 years ago,4,Clean pub good food,53,No photos count,True,0,,Not found,Not rated,Not rated,Not rated,Not found
Gålâxy Gämèr,6 months ago,4,Friendly staff,19,1,True,0,,Not found,Not rated,Not rated,Not rated,Not found
William Barnett,3 years ago,5,Fast service and polite staff,44,9,True,0,,Not found,Not rated,Not rated,Not rated,Not found
Kirstie,a year ago,5,Great little pub.,59,33,True,0,,Not found,Not rated,Not rated,Not rated,Not found
Len Langstraat,4 years ago,4,It's a waetherspoons you know what you get,85,No photos count,True,0,,Not found,Not rated,Not rated,Not rated,Not found
David Cherry,4 years ago,1,Wanted man found...beer ok,9,No photos count,False,0,,Not found,Not rated,Not rated,Not rated,Not found
Ciaran Marron,10 months ago,5,Cheap and cheerful,69,67,True,0,,Not found,Not rated,Not rated,Not rated,Not found
Jennifer Rowe,5 years ago,4,1of the best Wetherspoons in the area,61,273,True,0,,Not found,Not rated,Not rated,Not rated,Not found
Sonia Thomas,3 years ago,4,Love the breakfast here,30,No photos count,True,0,,Not found,Not rated,Not rated,Not rated,Not found
David Carr,a year ago,5,Nice staff.,19,3,True,0,,Not found,Not rated,Not rated,Not rated,Not found
Denise Reynolds,2 years ago,4,Food ok cheap,309,15,True,0,,Not found,Not rated,Not rated,Not rated,Not found
Tarlochan Ubhi,5 years ago,5,GOOD PUBLIC HOUSE FOR DRINKS,12,No photos count,True,0,,Not found,Not rated,Not rated,Not rated,Not found
Patrick McMahon,4 years ago,3,Missing the Mixed Grills and Steaks,2,No photos count,False,0,,Not found,Not rated,Not rated,Not rated,Not found
AJCPQ “Golfwanderer”,4 years ago,1,No support or understanding for disabled customers,23,No photos count,False,0,,Not found,Not rated,Not rated,Not rated,Not found
Jason Bradley,10 months ago,1,A void,408,444,True,0,,Not found,Not rated,Not rated,Not rated,Not found
susan King,4 years ago,4,Very good pub.,19,2,True,0,,Not found,Not rated,Not rated,Not rated,Not found
Stephen Smith,3 years ago,3,It's a wetherspoons. So it's OK..,115,9,True,0,,Not found,Not rated,Not rated,Not rated,Not found
chez Lawrence,5 years ago,3,good for quick bite to ear,54,2,True,0,,Not found,Not rated,Not rated,Not rated,Not found
Alexander Warren,a year ago,4,Good for breakfast,414,1892,True,0,,Not found,Not rated,Not rated,Not rated,Not found
garry neal,5 years ago,5,All ways gd food and drink,105,1,True,0,,Not found,Not rated,Not rated,Not rated,Not found
Natholly Smith,5 years ago,5,Luv jojo luv the food,1,1,False,0,,Not found,Not rated,Not rated,Not rated,Not found
sean conrad,a year ago,1,"Dead food, dead staff, dead vibes",67,22,True,0,,Not found,Not rated,Not rated,Not rated,Not found
William Hall,10 months ago,5,Great,69,No photos count,False,0,,Not found,Not rated,Not rated,Not rated,Not found
Sarah Johnstone,6 years ago,3,Its ok for a quick  visit,21,No photos count,True,0,,Not found,Not rated,Not rated,Not rated,Not found
Bernie Smith,6 years ago,5,Good food plesent staf,40,82,True,0,,Not found,Not rated,Not rated,Not rated,Not found
Caroline Leo,6 years ago,4,Not a bad pint,10,No photos count,True,0,,Not found,Not rated,Not rated,Not rated,Not found
Tom Clare,4 years ago,5,Lovely friendly staff,404,41,True,0,,Not found,Not rated,Not rated,Not rated,Not found
Mandy,5 years ago,4,Good service with a smile,136,24,True,0,,Not found,Not rated,Not rated,Not rated,Not found
Christine Stokes,4 years ago,4,Not bad,52,No photos count,False,0,,Not found,Not rated,Not rated,Not rated,Not found
kkk901 “Katman” 901kkk,5 years ago,4,Great pub,576,69,True,0,,Not found,Not rated,Not rated,Not rated,Not found
Janet Bennett,4 years ago,1,Good food,55,No photos count,True,0,,Not found,Not rated,Not rated,Not rated,Not found
Declan Morey,4 years ago,3,Just your average weatherspoons,64,No photos count,True,0,,Not found,Not rated,Not rated,Not rated,Not found
Peter White,5 years ago,3,It's ok,49,No photos count,False,0,,Not found,Not rated,Not rated,Not rated,Not found
Stephen Butler,4 years ago,4,Nice an friendly pub,75,117,True,1,https://lh5.googleusercontent.com/p/AF1QipOLk2hB0F2csNyhfsxTHMJt2sIPqkavJ65ymSMj=w900-h675-p-k-no,Not found,Not rated,Not rated,Not rated,Not found
Kevin Doorhy,5 years ago,4,Fast friendly service,280,85,True,0,,Not found,Not rated,Not rated,Not rated,Not found
The Trooper Troops,6 years ago,5,Warm casual welcoming,19,No photos count,True,0,,Not found,Not rated,Not rated,Not rated,Not found
Stanley Dickinson,5 years ago,4,Very good service,7,No photos count,False,0,,Not found,Not rated,Not rated,Not rated,Not found
Laura H,7 years ago,4,nice pub,17,No photos count,False,0,,Not found,Not rated,Not rated,Not rated,Not found
Noeleen Heffernan,5 years ago,3,Been in here lots of times,51,No photos count,False,0,,Not found,Not rated,Not rated,Not rated,Not found
Sophie “Cherry lips uk” Wain,a year ago,4,Cheap and cheerful,77,12,True,0,,Not found,Not rated,Not rated,Not rated,Not found
Paul Dugmore,2 years ago,5,Excellent staff.,73,No photos count,False,0,,Not found,Not rated,Not rated,Not rated,Not found
Roy Grantham,5 years ago,3,Good to meet people,104,2,True,0,,Not found,Not rated,Not rated,Not rated,Not found
Yvonne Morgan,a year ago,3,Ok,107,8,False,0,,Not found,Not rated,Not rated,Not rated,Not found
Nigel Langton,6 years ago,5,Excellent breakfast.,38,16,True,0,,Not found,Not rated,Not rated,Not rated,Not found
Jayne Theobald,3 years ago,5,A friendly atmosphere,50,No photos count,False,0,,Not found,Not rated,Not rated,Not rated,Not found
Gillian Thomas,3 years ago,1,Not good service,14,No photos count,True,0,,Not found,Not rated,Not rated,Not rated,Not found
Ian Mullis,5 years ago,2,Just full of old men,9,No photos count,False,0,,Not found,Not rated,Not rated,Not rated,Not found
Lee Richards,2 years ago,5,Good staff👌 …,55,No photos count,True,0,,Not found,Not rated,Not rated,Not rated,Not found
Shell Clarke,4 years ago,4,Food was ok,51,No photos count,True,0,,Not found,Not rated,Not rated,Not rated,Not found
John Jordan,a year ago,1,Rough,15,7,True,0,,Not found,Not rated,Not rated,Not rated,Not found
Jonathan Schamrel,5 years ago,5,Love this restaurant,16,No photos count,False,0,,Not found,Not rated,Not rated,Not rated,Not found
Tim Lloyd,4 years ago,4,Food and ale good,7,No photos count,False,0,,Not found,Not rated,Not rated,Not rated,Not found
Humayun Alam,2 years ago,5,Affordable Manu,94,7,True,0,,Not found,Not rated,Not rated,Not rated,Not found
Peter Williams,4 years ago,4,Usual spoonies pub.,13,No photos count,True,0,,Not found,Not rated,Not rated,Not rated,Not found
Barbara Keenahan,a year ago,4,Good,55,1,False,0,,Not found,Not rated,Not rated,Not rated,Not found
Drahcir409,4 years ago,4,Nice little pub,80,3,True,0,,Not found,Not rated,Not rated,Not rated,Not found
Stephen Murphy,2 years ago,4,Fab.,6,638,False,0,,Not found,Not rated,Not rated,Not rated,Not found
Andrew Beetison,6 years ago,3,Normal wetherspoons pub,127,342,True,0,,Not found,Not rated,Not rated,Not rated,Not found
Santiago Hilton,8 months ago,5,Definitely,9,8,False,0,,Not found,Not rated,Not rated,Not rated,Not found
donna reilly,7 years ago,3,Good for a drink,21,23,True,0,,Not found,Not rated,Not rated,Not rated,Not found
mary reaney,4 years ago,2,could do with entertainment,51,No photos count,True,0,,Not found,Not rated,Not rated,Not rated,Not found
Janet Bennett,3 years ago,1,Full of old men,91,No photos count,False,0,,Not found,Not rated,Not rated,Not rated,Not found
Sarah Johnstone,5 years ago,4,Nice atmosphere,88,34,True,0,,Not found,Not rated,Not rated,Not rated,Not found
jordi plays fifa I luv it,5 years ago,3,Ok,3,No photos count,False,0,,Not found,Not rated,Not rated,Not rated,Not found
julie,9 years ago,5,Great place :-),166,18,True,0,,Not found,Not rated,Not rated,Not rated,Not found
valeria morellato,5 years ago,5,Good coffee,9,6,True,0,,Not found,Not rated,Not rated,Not rated,Not found
Sally Williams,4 years ago,5,Nice,8,No photos count,True,0,,Not found,Not rated,Not rated,Not rated,Not found
Gordon Harber,4 years ago,3,Great,142,24,True,0,,Not found,Not rated,Not rated,Not rated,Not found
tri vegans,4 years ago,5,Fabulous,46,11,True,0,,Not found,Not rated,Not rated,Not rated,Not found
Gregg Thomas,6 years ago,3,Not bad !!,74,No photos count,True,0,,Not found,Not rated,Not rated,Not rated,Not found
Wendy-louise Bowyer,4 years ago,5,Ok to chill,42,No photos count,True,0,,Not found,Not rated,Not rated,Not rated,Not found
Emma Morris,4 years ago,5,Love this place,32,No photos count,True,0,,Not found,Not rated,Not rated,Not rated,Not found
Tom Taylor,4 years ago,5,Great pint,23,59,True,0,,Not found,Not rated,Not rated,Not rated,Not found
Vivienne Jones,5 years ago,4,Very friendly,1,No photos count,False,0,,Not found,Not rated,Not rated,Not rated,Not found
John James,5 years ago,5,Good place,9,No photos count,False,0,,Not found,Not rated,Not rated,Not rated,Not found
Raymond Storey,3 years ago,3,Friendly staff,49,8,True,0,,Not found,Not rated,Not rated,Not rated,Not found
Chris Hyde,2 years ago,3,Needs updated,64,No photos count,True,0,,Not found,Not rated,Not rated,Not rated,Not found
Cristian Rocca,4 years ago,5,Wonderful place,7,No photos count,False,0,,Not found,Not rated,Not rated,Not rated,Not found
Caroline Davey,5 years ago,5,Friendly,59,No photos count,True,0,,Not found,Not rated,Not rated,Not rated,Not found
Paul James,5 years ago,5,Cheap,45,No photos count,True,0,,Not found,Not rated,Not rated,Not rated,Not found
Nat,4 years ago,5,Polite staff,10,No photos count,False,0,,Not found,Not rated,Not rated,Not rated,Not found
Ian Smith,6 years ago,5,It's a pub,5,9,False,0,,Not found,Not rated,Not rated,Not rated,Not found
Beyond Earth,5 years ago,4,Cheap drinks,140,6,True,0,,Not found,Not rated,Not rated,Not rated,Not found
Jamie Holland,7 years ago,3,Decent Wetherspoons,198,401,True,0,,Not found,Not rated,Not rated,Not rated,Not found
Darren White,5 years ago,4,Food was ok,2,No photos count,False,0,,Not found,Not rated,Not rated,Not rated,Not found
David Mitton,4 years ago,1,No comment,74,No photos count,False,0,,Not found,Not rated,Not rated,Not rated,Not found
Cherrill Kells,5 years ago,3,Usually wetherspoons,26,No photos count,True,0,,Not found,Not rated,Not rated,Not rated,Not found
Peter Smith,4 years ago,2,Scruffy place,133,No photos count,False,0,,Not found,Not rated,Not rated,Not rated,Not found
Joseph Bailey,2 years ago,4,Good,3,No photos count,False,0,,Not found,Not rated,Not rated,Not rated,Not found
Deborah Fox,5 years ago,3,Nice atmosphere,124,35,True,0,,Not found,Not rated,Not rated,Not rated,Not found
Simon Liddiard,6 years ago,4,Nice,111,5,True,0,,Not found,Not rated,Not rated,Not rated,Not found
James Mcguire,5 years ago,3,Ok,10,No photos count,False,0,,Not found,Not rated,Not rated,Not rated,Not found
brian wilkins,2 years ago,4,Good,32,3,False,0,,Not found,Not rated,Not rated,Not rated,Not found
Ken Keeney,6 years ago,4,Good,5,No photos count,False,0,,Not found,Not rated,Not rated,Not rated,Not found
Angelina 1964,7 months ago,4,Good experience is good service.,12,18,True,0,,Not found,Not rated,Not rated,Not rated,Not found
Kasia Dwa,4 years ago,5,cozy.. Nice customer service and good food,11,20,True,0,,Not found,Not rated,Not rated,Not rated,Not found
LAIDLAW ROOFING,a year ago,3,No review text,167,1472,True,2,"https://lh5.googleusercontent.com/p/AF1QipOUg-WiQMrp6c71B-g6-kx4pZ_I--vcvyx9imtw=w450-h675-p-k-no,https://lh5.googleusercontent.com/p/AF1QipOn1Da2K9jhYDhtyK2WwVNhkNsQDNZiNmdl8IhU=w450-h675-p-k-no",Not found,Not rated,Not rated,Not rated,Not found
Brian Mccarles,5 years ago,4,No review text,64,33,False,1,https://lh5.googleusercontent.com/p/AF1QipOKGTKyCEjaCaqWElac8jGjvJS-Oa7uBiR8DNam=w900-h675-p-k-no,Not found,Not rated,Not rated,Not rated,Not found
Martyn Brown,5 years ago,1,Shiite,2,No photos count,False,0,,Not found,Not rated,Not rated,Not rated,Not found
Sergej Vorobjov,5 years ago,5,Fold,65,138,True,0,,Not found,Not rated,Not rated,Not rated,Not found
Sebastian “SP5SO” Orzechowski,6 years ago,5,Cool place,133,245,True,0,,Not found,Not rated,Not rated,Not rated,Not found
Luke Salisbury,6 years ago,5,CHERRY LIIIIIIIDD,2,No photos count,False,0,,Not found,Not rated,Not rated,Not rated,Not found
Stephen Bose,a year ago,5,No review text,27,350,False,0,,Not found,Not rated,Not rated,Not rated,Not found
Maureen Thyne,4 years ago,5,No review text,1,No photos count,True,0,,Not found,Not rated,Not rated,Not rated,Not found
Gerry Mcdonnell,3 years ago,4,No review text,2,No photos count,False,0,,Not found,Not rated,Not rated,Not rated,Not found
Jamal Zabalawi,a year ago,4,No review text,25,1,True,0,,Not found,Not rated,Not rated,Not rated,Not found
Ben Moss-Woodward,6 years ago,4,No review text,46,204,True,0,,Not found,Not rated,Not rated,Not rated,Not found
Gary Paul Wood,5 years ago,5,No review text,1,No photos count,False,0,,Not found,Not rated,Not rated,Not rated,Not found
albert gostima,2 months ago,5,No review text,2,148,True,0,,Not found,Not rated,Not rated,Not rated,Not found
Vishtaspa Sethna,4 months ago,4,No review text,38,6,True,0,,Not found,Not rated,5,5,Not found
Diana Marie Holding,2 months ago,5,No review text,17,1,True,0,,£80–90,5,5,5,Fried
Matthew Stone,6 years ago,5,No review text,39,13,True,0,,Not found,Not rated,Not rated,Not rated,Not found
Mitchell Brooks,5 years ago,3,No review text,81,65,True,0,,Not found,Not rated,Not rated,Not rated,Not found
Neli Holliday,4 years ago,4,No review text,201,1078,True,0,,Not found,Not rated,Not rated,Not rated,Not found
sonya thompson,4 years ago,4,No review text,5,No photos count,True,0,,Not found,Not rated,Not rated,Not rated,Not found
Albertrosas audriux,a month ago,1,No review text,4,1,False,0,,Not found,Not rated,Not rated,Not rated,Not found
Donald Holder,a year ago,4,No review text,33,3,True,0,,Not found,Not rated,Not rated,Not rated,Not found
G T,3 years ago,3,No review text,44,1,True,0,,Not found,Not rated,Not rated,Not rated,Not found
Chris Monaghan,5 years ago,5,No review text,7,No photos count,False,0,,Not found,Not rated,Not rated,Not rated,Not found
Yaz Anderson,6 years ago,5,No review text,12,No photos count,False,0,,Not found,Not rated,Not rated,Not rated,Not found
gonzo70100,3 years ago,5,No review text,3,No photos count,True,0,,Not found,Not rated,Not rated,Not rated,Not found
Lili Lili,2 years ago,3,No review text,12,1,True,0,,Not found,Not rated,Not rated,Not rated,Not found
Jackie Carnegie,5 years ago,4,No review text,51,14,True,0,,Not found,Not rated,Not rated,Not rated,Not found
John Tighe,4 years ago,3,No review text,1,No photos count,True,0,,Not found,Not rated,Not rated,Not rated,Not found
Acoustic Motorbike (The Acoustic Motorbike),6 years ago,4,No review text,107,42,True,0,,Not found,Not rated,Not rated,Not rated,Not found
Jack Kirkwood,8 months ago,4,No review text,3,1,False,0,,Not found,Not rated,Not rated,Not rated,Not found
Stacey Leonard,2 years ago,5,No review text,No reviews count,No photos count,True,0,,Not found,Not rated,Not rated,Not rated,Not found
Geanette Little,5 years ago,4,No review text,21,6,True,0,,Not found,Not rated,Not rated,Not rated,Not found
Dean Walker,a year ago,4,No review text,8,13,True,1,https://lh5.googleusercontent.com/p/AF1QipOw53Hwb-HlqEBRpxf0AwY5XzsVkzFHornERZHO=w900-h675-p-k-no,Not found,Not rated,Not rated,Not rated,Not found
bassrinsa,6 years ago,4,No review text,No reviews count,No photos count,True,0,,Not found,Not rated,Not rated,Not rated,Not found
Kevin Prentice,6 years ago,2,No review text,No reviews count,1,False,0,,Not found,Not rated,Not rated,Not rated,Not found
Monica Mistry,5 years ago,3,No review text,43,No photos count,True,0,,Not found,Not rated,Not rated,Not rated,Not found
alex gill,6 years ago,3,No review text,3,1,False,0,,Not found,Not rated,Not rated,Not rated,Not found
Michael Lawson,4 years ago,3,No review text,1,8,False,0,,Not found,Not rated,Not rated,Not rated,Not found
New Conservatory Roofs,6 years ago,3,No review text,2,1,False,0,,Not found,Not rated,Not rated,Not rated,Not found
John Camm,a year ago,5,No review text,34,3,True,0,,Not found,Not rated,Not rated,Not rated,Not found
Vânia Vieira,7 years ago,4,No review text,3,15,False,0,,Not found,Not rated,Not rated,Not rated,Not found
Christine Bullock,6 months ago,5,No review text,No reviews count,No photos count,False,0,,Not found,Not rated,Not rated,Not rated,Not found
shane maye,4 years ago,4,No review text,1,2,False,0,,Not found,Not rated,Not rated,Not rated,Not found
Samantha Rosamond,a year ago,5,No review text,6,8,False,0,,Not found,Not rated,Not rated,Not rated,Not found
Lee Wing,4 months ago,4,No review text,3,231,True,0,,£10–20,4,3,3,Not found
Wayne,4 years ago,3,No review text,17,15,True,0,,Not found,Not rated,Not rated,Not rated,Not found
Dave Harris,3 years ago,3,No review text,58,23,True,0,,Not found,Not rated,Not rated,Not rated,Not found
Dani Spence,5 years ago,2,No review text,32,5,False,0,,Not found,Not rated,Not rated,Not rated,Not found
Kane Parry,5 years ago,4,No review text,1,No photos count,False,0,,Not found,Not rated,Not rated,Not rated,Not found
Liam Evans,5 years ago,1,No review text,59,35,True,0,,Not found,Not rated,Not rated,Not rated,Not found
chris1993gammer,4 years ago,5,No review text,2,No photos count,False,0,,Not found,Not rated,Not rated,Not rated,Not found
julie Lowe,3 years ago,5,No review text,23,2,False,0,,Not found,Not rated,Not rated,Not rated,Not found
K Puggle,7 years ago,3,No review text,No reviews count,No photos count,True,0,,Not found,Not rated,Not rated,Not rated,Not found
Scott Conrad,6 years ago,3,No review text,23,28,True,0,,Not found,Not rated,Not rated,Not rated,Not found
andrew hawkins,a year ago,4,No review text,22,15,False,0,,Not found,Not rated,Not rated,Not rated,Not found
D Skelton,4 years ago,3,No review text,19,1,True,0,,Not found,Not rated,Not rated,Not rated,Not found
Ben Bagley,5 years ago,2,No review text,26,No photos count,True,0,,Not found,Not rated,Not rated,Not rated,Not found
Izabela Pec,2 years ago,5,No review text,4,No photos count,False,0,,Not found,Not rated,Not rated,Not rated,Not found
Emily jane,5 years ago,4,No review text,15,17,True,0,,Not found,Not rated,Not rated,Not rated,Not found
john mclaren,4 years ago,5,No review text,33,No photos count,False,0,,Not found,Not rated,Not rated,Not rated,Not found
Kristian Goulding,5 years ago,3,No review text,53,14,True,0,,Not found,Not rated,Not rated,Not rated,Not found
Loz Martin,2 years ago,5,No review text,14,No photos count,True,0,,Not found,Not rated,Not rated,Not rated,Not found
Kali B,4 years ago,5,No review text,1,No photos count,False,0,,Not found,Not rated,Not rated,Not rated,Not found
Julia Butler,5 years ago,1,No review text,47,30,True,0,,Not found,Not rated,Not rated,Not rated,Not found
Gerard Murphy,4 years ago,5,No review text,25,18,True,0,,Not found,Not rated,Not rated,Not rated,Not found
David Lockett,6 months ago,4,No review text,2,No photos count,False,0,,Not found,Not rated,Not rated,Not rated,Not found
Blood Dragon01,4 years ago,4,No review text,39,92,True,0,,Not found,Not rated,Not rated,Not rated,Not found
andrew brown,2 years ago,1,No review text,8,20,False,0,,Not found,Not rated,Not rated,Not rated,Not found
Hannah Taylor,5 years ago,1,No review text,5,4,True,0,,Not found,Not rated,Not rated,Not rated,Not found
R Y F (Stemroach),5 years ago,5,No review text,25,104,True,0,,Not found,Not rated,Not rated,Not rated,Not found
Amigo26,6 years ago,4,No review text,1,17,False,0,,Not found,Not rated,Not rated,Not rated,Not found
Dobrin Mitrev,5 years ago,5,No review text,No reviews count,1,False,0,,Not found,Not rated,Not rated,Not rated,Not found
Kayleigh Haughey,3 years ago,5,No review text,9,36,True,0,,Not found,Not rated,Not rated,Not rated,Not found
GAUTAM VADIA,4 years ago,4,No review text,25,32,False,0,,Not found,Not rated,Not rated,Not rated,Not found
Andrew Sheridan,a year ago,5,No review text,34,54,False,0,,Not found,Not rated,Not rated,Not rated,Not found
gordy cheyne,5 years ago,3,No review text,3,No photos count,False,0,,Not found,Not rated,Not rated,Not rated,Not found
ken roberts,4 years ago,4,No review text,No reviews count,No photos count,False,0,,Not found,Not rated,Not rated,Not rated,Not found
tim Whitefield,3 years ago,3,No review text,4,No photos count,False,0,,Not found,Not rated,Not rated,Not rated,Not found
Michael Hughes,a year ago,4,No review text,265,827,True,0,,Not found,Not rated,Not rated,Not rated,Not found
Julie Styles,4 years ago,4,No review text,21,No photos count,True,0,,Not found,Not rated,Not rated,Not rated,Not found
Patti Smithowens,a month ago,3,No review text,26,No photos count,False,0,,Not found,Not rated,3,3,Not found
no name,2 years ago,5,No review text,2,No photos count,False,0,,Not found,Not rated,Not rated,Not rated,Not found
Nigel Hoskin,6 months ago,5,No review text,No reviews count,1,False,0,,Not found,Not rated,Not rated,Not rated,Not found
Kieran Constable,a year ago,5,No review text,9,111,False,0,,Not found,Not rated,Not rated,Not rated,Not found
Steven Juxon,5 years ago,3,No review text,No reviews count,No photos count,False,0,,Not found,Not rated,Not rated,Not rated,Not found
Dean Pascoe,4 years ago,3,No review text,3,No photos count,False,0,,Not found,Not rated,Not rated,Not rated,Not found
Geoffrey Austin,5 years ago,4,No review text,8,10,False,0,,Not found,Not rated,Not rated,Not rated,Not found
Mr Me,2 years ago,1,No review text,95,No photos count,False,0,,Not found,Not rated,Not rated,Not rated,Not found
alan williams,7 months ago,5,No review text,4,No photos count,False,0,,Not found,Not rated,Not rated,Not rated,Not found
Daniel Tiba,2 years ago,1,No review text,1,No photos count,False,0,,Not found,Not rated,Not rated,Not rated,Not found
Kelly Cobbing,5 years ago,5,No review text,9,No photos count,False,0,,Not found,Not rated,Not rated,Not rated,Not found
Irene Collins,a year ago,4,No review text,2,No photos count,False,0,,Not found,Not rated,Not rated,Not rated,Not found
danielle domican-wilson,5 months ago,5,No review text,3,6,False,0,,£1–10,5,5,5,"Smashed Avocado English Muffin, Nachos, Traditional Breakfast, Beef Madras"
Андрей Кузяков,3 years ago,4,No review text,3,964,True,0,,Not found,Not rated,Not rated,Not rated,Not found
Lukas Dyglys,a year ago,5,No review text,13,34,True,0,,Not found,Not rated,Not rated,Not rated,Not found
Geoff Edwards,3 months ago,3,No review text,19,305,True,0,,£1–10,Not rated,Not rated,Not rated,Not found
Colin Stokes,5 years ago,4,No review text,2,No photos count,False,0,,Not found,Not rated,Not rated,Not rated,Not found
sean hughes,7 years ago,3,No review text,101,181,True,0,,Not found,Not rated,Not rated,Not rated,Not found
Ian Harris,a year ago,4,No review text,101,755,True,0,,Not found,Not rated,Not rated,Not rated,Not found
Mohammad Abbas Abadi,4 months ago,4,No review text,9,No photos count,False,0,,Not found,Not rated,5,4,Not found
Peter Hakesley,6 years ago,3,No review text,1,No photos count,False,0,,Not found,Not rated,Not rated,Not rated,Not found
Janet Bates,a year ago,5,No review text,58,4,False,0,,Not found,Not rated,Not rated,Not rated,Not found
A Fox,2 years ago,5,No review text,40,5,True,0,,Not found,Not rated,Not rated,Not rated,Not found
Clint Earp,3 years ago,2,No review text,4,No photos count,False,0,,Not found,Not rated,Not rated,Not rated,Not found
Andrea Waite,4 years ago,1,No review text,4,No photos count,False,0,,Not found,Not rated,Not rated,Not rated,Not found
Rosemary Shio,4 years ago,5,No review text,2,No photos count,False,0,,Not found,Not rated,Not rated,Not rated,Not found
Daisy Comerford,3 years ago,4,No review text,1,No photos count,False,0,,Not found,Not rated,Not rated,Not rated,Not found
GTA IV Gaming,3 years ago,3,No review text,7,2,True,0,,Not found,Not rated,Not rated,Not rated,Not found
Maximilian victor Shields,2 years ago,5,No review text,8,No photos count,False,0,,Not found,Not rated,Not rated,Not rated,Not found
Bertie Danks,a year ago,5,No review text,24,No photos count,False,0,,Not found,Not rated,Not rated,Not rated,Not found
Emanuel Tudor,3 years ago,5,No review text,32,1208,True,0,,Not found,Not rated,Not rated,Not rated,Not found
Jane Osborne,4 years ago,3,No review text,19,No photos count,True,0,,Not found,Not rated,Not rated,Not rated,Not found
Christian Hauzar,4 years ago,4,No review text,28,1064,True,0,,Not found,Not rated,Not rated,Not rated,Not found
Anita Meek,2 years ago,5,No review text,1,No photos count,False,0,,Not found,Not rated,Not rated,Not rated,Not found
Daren Dalton,4 years ago,4,No review text,21,1,True,0,,Not found,Not rated,Not rated,Not rated,Not found
Rick3121,a year ago,4,No review text,13,61,True,0,,Not found,Not rated,Not rated,Not rated,Not found
jOh-zy,4 years ago,5,No review text,9,No photos count,False,0,,Not found,Not rated,Not rated,Not rated,Not found
Andy Knight,2 months ago,5,No review text,4,No photos count,False,0,,Not found,Not rated,Not rated,Not rated,Not found
Joanna Flynn,4 years ago,4,No review text,7,31,True,0,,Not found,Not rated,Not rated,Not rated,Not found
Keith Brisband,5 years ago,5,No review text,56,30,True,0,,Not found,Not rated,Not rated,Not rated,Not found
Peter Donaghy,4 years ago,4,No review text,3,No photos count,False,0,,Not found,Not rated,Not rated,Not rated,Not found
Devan Thanki,5 years ago,3,No review text,No reviews count,3,False,0,,Not found,Not rated,Not rated,Not rated,Not found
Daniel G,5 years ago,5,No review text,1,No photos count,False,0,,Not found,Not rated,Not rated,Not rated,Not found
Frankie C,11 months ago,5,No review text,24,14,True,0,,Not found,Not rated,Not rated,Not rated,Not found
Toni Adcock,a year ago,3,No review text,13,1,True,0,,Not found,Not rated,Not rated,Not rated,Not found
Karen Kershaw,11 years ago,5,No review text,4,No photos count,False,0,,Not found,Not rated,Not rated,Not rated,Not found
sue larty,4 years ago,2,No review text,25,3,True,0,,Not found,Not rated,Not rated,Not rated,Not found
John Rishton,6 years ago,4,No review text,4,No photos count,False,0,,Not found,Not rated,Not rated,Not rated,Not found
Owain Shier,5 years ago,4,No review text,3,No photos count,False,0,,Not found,Not rated,Not rated,Not rated,Not found
Christopher Walsh,2 years ago,2,No review text,3,No photos count,False,0,,Not found,Not rated,Not rated,Not rated,Not found
Simon Smith,3 months ago,4,No review text,66,30,True,0,,Not found,Not rated,5,4,Not found
Manuela Diana,a year ago,1,No review text,5,1,False,0,,Not found,Not rated,Not rated,Not rated,Not found
Steve Juxon,5 years ago,4,No review text,No reviews count,No photos count,False,0,,Not found,Not rated,Not rated,Not rated,Not found
Rob Eadon,3 years ago,4,No review text,3,1,True,0,,Not found,Not rated,Not rated,Not rated,Not found
Red Squirrel,5 years ago,1,No review text,10,No photos count,False,0,,Not found,Not rated,Not rated,Not rated,Not found
Steven Parker,5 years ago,5,No review text,20,No photos count,False,0,,Not found,Not rated,Not rated,Not rated,Not found
wasif khan,6 years ago,5,No review text,45,44,True,0,,Not found,Not rated,Not rated,Not rated,Not found
Damien Magee,a year ago,3,No review text,38,45,False,0,,Not found,Not rated,Not rated,Not rated,Not found
Neil Ward,5 years ago,4,No review text,31,217,True,0,,Not found,Not rated,Not rated,Not rated,Not found
Angel Wolverine,4 years ago,5,No review text,23,No photos count,True,0,,Not found,Not rated,Not rated,Not rated,Not found
Clive Meanley,4 years ago,5,No review text,13,No photos count,False,0,,Not found,Not rated,Not rated,Not rated,Not found
Dave Taylor,5 years ago,4,No review text,5,27,True,0,,Not found,Not rated,Not rated,Not rated,Not found
Rajesh Thanki,a year ago,3,No review text,5,22,True,0,,Not found,Not rated,Not rated,Not rated,Not found
Trevor Reynolds,4 years ago,4,No review text,No reviews count,No photos count,False,0,,Not found,Not rated,Not rated,Not rated,Not found
Lokyanlorraine Wong,a month ago,3,No review text,6,No photos count,False,0,,£10–20,3,3,3,Not found
Colin Bardell,2 years ago,5,No review text,12,1,False,0,,Not found,Not rated,Not rated,Not rated,Not found
Ann Fennell,5 years ago,5,No review text,6,No photos count,False,0,,Not found,Not rated,Not rated,Not rated,Not found
marie holtom,5 years ago,3,No review text,5,No photos count,False,0,,Not found,Not rated,Not rated,Not rated,Not found
John Loftus,5 years ago,5,No review text,16,4,False,0,,Not found,Not rated,Not rated,Not rated,Not found
Nicky Hendy,5 years ago,3,No review text,11,No photos count,True,0,,Not found,Not rated,Not rated,Not rated,Not found
danielle newell,11 months ago,4,No review text,1,4,False,0,,Not found,Not rated,Not rated,Not rated,Not found
sylvia martin,4 years ago,3,No review text,21,3,False,0,,Not found,Not rated,Not rated,Not rated,Not found
John Mcfetridge,4 years ago,4,No review text,24,No photos count,True,0,,Not found,Not rated,Not rated,Not rated,Not found
Kevin Aziz,a year ago,4,No review text,23,No photos count,False,0,,Not found,Not rated,Not rated,Not rated,Not found
jewel Miah,4 years ago,5,No review text,2,No photos count,False,0,,Not found,Not rated,Not rated,Not rated,Not found
james thompson,6 years ago,3,No review text,5,No photos count,True,0,,Not found,Not rated,Not rated,Not rated,Not found
Tom Mitchell,a year ago,1,No review text,3,No photos count,False,0,,Not found,Not rated,Not rated,Not rated,Not found
Ross Lang,6 years ago,3,No review text,5,2,True,0,,Not found,Not rated,Not rated,Not rated,Not found
David Chaplin,2 months ago,4,No review text,1,No photos count,False,0,,£1–10,4,4,3,"Ultimate Burger, Chicken Wrap, Original Gourmet Chicken Burger, Traditional Breakfast"
Diane Summers,5 years ago,2,No review text,2,No photos count,False,0,,Not found,Not rated,Not rated,Not rated,Not found
Jacen Tobias,4 years ago,5,No review text,190,2848,True,0,,Not found,Not rated,Not rated,Not rated,Not found
chris byrne,4 years ago,5,No review text,2,No photos count,False,0,,Not found,Not rated,Not rated,Not rated,Not found
Mary Casey,5 years ago,4,No review text,1,4,False,0,,Not found,Not rated,Not rated,Not rated,Not found
andrei,6 years ago,3,No review text,92,47,True,0,,Not found,Not rated,Not rated,Not rated,Not found
Melissa Williams,4 years ago,1,No review text,12,No photos count,False,0,,Not found,Not rated,Not rated,Not rated,Not found
Aleksandra Bucholska,5 years ago,5,No review text,8,103,True,0,,Not found,Not rated,Not rated,Not rated,Not found
Hayley Cox,4 years ago,3,No review text,9,2,False,0,,Not found,Not rated,Not rated,Not rated,Not found
Vincent Delaney,4 years ago,5,No review text,5,No photos count,False,0,,Not found,Not rated,Not rated,Not rated,Not found
anthony harmon,9 months ago,4,No review text,13,28,True,0,,Not found,Not rated,Not rated,Not rated,Not found
Daniel Drennan,6 months ago,5,No review text,13,8,True,0,,Not found,Not rated,Not rated,Not rated,Not found
Sarah O'Neill,4 months ago,4,No review text,No reviews count,No photos count,False,0,,Not found,Not rated,Not rated,Not rated,Not found
Emily Curry,a year ago,4,No review text,33,No photos count,True,0,,Not found,Not rated,Not rated,Not rated,Not found
joyce mcbrearty,4 years ago,5,No review text,4,No photos count,False,0,,Not found,Not rated,Not rated,Not rated,Not found
David Palmer,6 years ago,3,No review text,198,21,True,0,,Not found,Not rated,Not rated,Not rated,Not found
Jonathan Baillie,5 years ago,3,No review text,No reviews count,No photos count,False,0,,Not found,Not rated,Not rated,Not rated,Not found
Daniel Jeffery,6 years ago,2,No review text,1,No photos count,False,0,,Not found,Not rated,Not rated,Not rated,Not found
Robert Jackson,6 years ago,2,No review text,No reviews count,No photos count,False,0,,Not found,Not rated,Not rated,Not rated,Not found
Noleeen Heffernan,6 years ago,3,No review text,No reviews count,No photos count,False,0,,Not found,Not rated,Not rated,Not rated,Not found
Jodie-samantha Lamb,5 years ago,5,No review text,18,No photos count,True,0,,Not found,Not rated,Not rated,Not rated,Not found
Jacek Magnacki,5 years ago,5,No review text,No reviews count,1,False,0,,Not found,Not rated,Not rated,Not rated,Not found
Martin Hartle,2 years ago,3,No review text,3,No photos count,False,0,,Not found,Not rated,Not rated,Not rated,Not found
Jodi Fay-Loynes,7 years ago,4,No review text,10,32,True,0,,Not found,Not rated,Not rated,Not rated,Not found
Tarlochan Sambhi,3 months ago,3,No review text,No reviews count,No photos count,False,0,,£1–10,2,3,2,Not found
Andy Knight,4 years ago,5,No review text,8,No photos count,True,0,,Not found,Not rated,Not rated,Not rated,Not found
Daniel Tookey,a year ago,2,No review text,1,No photos count,False,0,,Not found,Not rated,Not rated,Not rated,Not found
antony (Konka),a year ago,4,No review text,7,No photos count,True,0,,Not found,Not rated,Not rated,Not rated,Not found
Easton Balfour,a year ago,1,No review text,No reviews count,No photos count,False,0,,Not found,Not rated,Not rated,Not rated,Not found
Frank Burke,a year ago,3,No review text,No reviews count,No photos count,False,0,,Not found,Not rated,Not rated,Not rated,Not found
Jo Mcloughlin,a year ago,5,No review text,30,34,True,0,,Not found,Not rated,Not rated,Not rated,Not found
Frank Hirons,3 years ago,3,No review text,4,No photos count,False,0,,Not found,Not rated,Not rated,Not rated,Not found
Ronald Steel,4 years ago,3,No review text,32,5,False,0,,Not found,Not rated,Not rated,Not rated,Not found
Sylvester Freedom,5 years ago,4,No review text,5,No photos count,False,0,,Not found,Not rated,Not rated,Not rated,Not found
Jason Phillips,a year ago,1,No review text,3,No photos count,False,0,,Not found,Not rated,Not rated,Not rated,Not found
Carl Burgess,5 years ago,5,No review text,32,10,True,0,,Not found,Not rated,Not rated,Not rated,Not found
Lynn Orton,5 years ago,4,No review text,67,132,True,0,,Not found,Not rated,Not rated,Not rated,Not found
Richie Murray,4 years ago,1,No review text,7,1,True,0,,Not found,Not rated,Not rated,Not rated,Not found
Ian Williams,5 years ago,5,No review text,18,No photos count,True,0,,Not found,Not rated,Not rated,Not rated,Not found
Christopher Fuller,a year ago,3,No review text,No reviews count,No photos count,False,0,,Not found,Not rated,Not rated,Not rated,Not found
Jez Ingram,4 years ago,5,No review text,10,37,True,0,,Not found,Not rated,Not rated,Not rated,Not found
marija Ergle,3 years ago,5,No review text,11,53,False,0,,Not found,Not rated,Not rated,Not rated,Not found
abbi rose parry,4 years ago,5,No review text,1,No photos count,False,0,,Not found,Not rated,Not rated,Not rated,Not found
Gábor Pétervári,4 years ago,5,No review text,126,2168,True,0,,Not found,Not rated,Not rated,Not rated,Not found
Patricia Holden,2 years ago,1,No review text,9,No photos count,False,0,,Not found,Not rated,Not rated,Not rated,Not found
Christopher Williamson,4 years ago,3,No review text,1,No photos count,False,0,,Not found,Not rated,Not rated,Not rated,Not found
Brandon Hall,9 months ago,1,No review text,3,No photos count,False,0,,Not found,Not rated,Not rated,Not rated,Not found
Alison Durcan,5 years ago,1,No review text,5,No photos count,False,0,,Not found,Not rated,Not rated,Not rated,Not found
Gabrielle Smith,4 years ago,3,No review text,1,No photos count,False,0,,Not found,Not rated,Not rated,Not rated,Not found
Łukasz A,3 years ago,5,No review text,6,No photos count,False,0,,Not found,Not rated,Not rated,Not rated,Not found
Karen Shillingford,4 years ago,4,No review text,62,25,False,0,,Not found,Not rated,Not rated,Not rated,Not found
Dave Bostock (DJ Dave),6 years ago,4,No review text,22,No photos count,False,0,,Not found,Not rated,Not rated,Not rated,Not found
Lizzie Rogers,3 years ago,4,No review text,64,4,True,0,,Not found,Not rated,Not rated,Not rated,Not found
thomas buckham,5 years ago,3,No review text,8,25,True,0,,Not found,Not rated,Not rated,Not rated,Not found
Michael Purnell,4 years ago,4,No review text,199,68,True,0,,Not found,Not rated,Not rated,Not rated,Not found
Matthew Nash,6 years ago,4,No review text,2,No photos count,False,0,,Not found,Not rated,Not rated,Not rated,Not found
Matt Holliday,5 years ago,4,No review text,18,No photos count,True,0,,Not found,Not rated,Not rated,Not rated,Not found
Russell Jones,6 years ago,4,No review text,23,915,True,0,,Not found,Not rated,Not rated,Not rated,Not found
Richard Youd,4 years ago,4,No review text,4,No photos count,False,0,,Not found,Not rated,Not rated,Not rated,Not found
Mick Jones,5 years ago,3,No review text,14,3,True,0,,Not found,Not rated,Not rated,Not rated,Not found
Lisa Byrne,6 years ago,5,No review text,No reviews count,No photos count,False,0,,Not found,Not rated,Not rated,Not rated,Not found
Noel Abanum,4 years ago,3,No review text,93,36,True,0,,Not found,Not rated,Not rated,Not rated,Not found
Matt Wills,6 years ago,4,No review text,29,64,True,0,,Not found,Not rated,Not rated,Not rated,Not found
Jason Phillips,6 years ago,5,No review text,4,1,False,0,,Not found,Not rated,Not rated,Not rated,Not found
wow bizz,3 years ago,4,No review text,44,748,True,0,,Not found,Not rated,Not rated,Not rated,Not found
Anita Hammond,4 years ago,5,No review text,86,2,True,0,,Not found,Not rated,Not rated,Not rated,Not found
Laurence Phillips,a year ago,3,No review text,No reviews count,No photos count,False,0,,Not found,Not rated,Not rated,Not rated,Not found
Michael Cotgreave,3 years ago,5,No review text,6,No photos count,False,0,,Not found,Not rated,Not rated,Not rated,Not found
Alan Byrne,4 years ago,5,No review text,2,No photos count,False,0,,Not found,Not rated,Not rated,Not rated,Not found
David Bradford,4 years ago,4,No review text,6,2,False,0,,Not found,Not rated,Not rated,Not rated,Not found
Martin Parry,5 years ago,5,No review text,3,No photos count,False,0,,Not found,Not rated,Not rated,Not rated,Not found
Daniel James Underwood,3 years ago,4,No review text,No reviews count,No photos count,False,0,,Not found,Not rated,Not rated,Not rated,Not found
Leon Bailey,3 months ago,4,No review text,24,No photos count,True,0,,£20–30,4,5,3,"Traditional Breakfast, Beef Madras"
Béluska Keller,5 years ago,4,No review text,No reviews count,No photos count,False,0,,Not found,Not rated,Not rated,Not rated,Not found
Lewis Dawson,6 years ago,5,No review text,1,No photos count,False,0,,Not found,Not rated,Not rated,Not rated,Not found
Bigmatthew “Big Matthew”,5 years ago,4,No review text,126,83,True,0,,Not found,Not rated,Not rated,Not rated,Not found
Jason Wilson,6 years ago,5,No review text,2,5,True,0,,Not found,Not rated,Not rated,Not rated,Not found
Katy Poacher,5 months ago,5,No review text,5,No photos count,True,0,,Not found,Not rated,Not rated,Not rated,Not found
Lynda Brady,4 years ago,5,No review text,3,No photos count,False,0,,Not found,Not rated,Not rated,Not rated,Not found
Peter Hiley,3 years ago,2,No review text,No reviews count,8,False,0,,Not found,Not rated,Not rated,Not rated,Not found
David Marshall,6 months ago,3,No review text,2,No photos count,False,0,,Not found,Not rated,Not rated,Not rated,Not found
Ronan Molloy,3 months ago,5,No review text,11,25,False,0,,£1–10,Not rated,Not rated,Not rated,Traditional Breakfast
Elaine O'connell,4 years ago,4,No review text,No reviews count,No photos count,False,0,,Not found,Not rated,Not rated,Not rated,Not found
Heather Armeni,5 years ago,3,No review text,14,No photos count,False,0,,Not found,Not rated,Not rated,Not rated,Not found
Abi Stephenson,3 years ago,4,No review text,6,3,True,0,,Not found,Not rated,Not rated,Not rated,Not found
michelle dunne,a year ago,5,No review text,8,1,False,0,,Not found,Not rated,Not rated,Not rated,Not found
Patrick Vale,5 years ago,5,No review text,No reviews count,No photos count,False,0,,Not found,Not rated,Not rated,Not rated,Not found
MultiSnooker147,4 years ago,3,No review text,3,No photos count,False,0,,Not found,Not rated,Not rated,Not rated,Not found
Bakero Tomaz,5 years ago,4,No review text,4,No photos count,False,0,,Not found,Not rated,Not rated,Not rated,Not found
Thomas Cannings,6 years ago,4,No review text,22,3,True,0,,Not found,Not rated,Not rated,Not rated,Not found
Hayley Tilt,10 months ago,1,No review text,2,No photos count,False,0,,Not found,Not rated,Not rated,Not rated,Not found
Elena Tudorica,5 years ago,4,No review text,2,4,False,0,,Not found,Not rated,Not rated,Not rated,Not found
Shane Maloney,6 years ago,3,No review text,1,1,False,0,,Not found,Not rated,Not rated,Not rated,Not found
Allen Joy,3 years ago,5,No review text,No reviews count,No photos count,False,0,,Not found,Not rated,Not rated,Not rated,Not found
David Fogarty,4 years ago,5,No review text,42,No photos count,True,0,,Not found,Not rated,Not rated,Not rated,Not found
Anne-Marie Fowkes,4 years ago,5,No review text,71,No photos count,False,0,,Not found,Not rated,Not rated,Not rated,Not found
Karolina Kepinska,a year ago,5,No review text,4,No photos count,True,0,,Not found,Not rated,Not rated,Not rated,Not found
Julie Styles,5 years ago,2,No review text,2,No photos count,False,0,,Not found,Not rated,Not rated,Not rated,Not found
Loriens Scents Scentsy,4 years ago,5,No review text,12,9,True,0,,Not found,Not rated,Not rated,Not rated,Not found
Gabriella Kelly,5 years ago,5,No review text,72,36,True,0,,Not found,Not rated,Not rated,Not rated,Not found
Tony Lombardi,7 years ago,3,No review text,42,25,True,0,,Not found,Not rated,Not rated,Not rated,Not found
Leroy Williams,a year ago,1,No review text,No reviews count,No photos count,False,0,,Not found,Not rated,Not rated,Not rated,Not found
Leon Russell,2 years ago,3,No review text,35,1,True,0,,Not found,Not rated,Not rated,Not rated,Not found
Carl Turner,a month ago,4,No review text,9,No photos count,False,0,,Not found,Not rated,5,4,Not found
Martin Dalton,5 years ago,4,No review text,1,No photos count,False,0,,Not found,Not rated,Not rated,Not rated,Not found
Guido Fawkes,5 years ago,4,No review text,166,No photos count,True,0,,Not found,Not rated,Not rated,Not rated,Not found
Paul Jones,5 years ago,5,No review text,No reviews count,No photos count,False,0,,Not found,Not rated,Not rated,Not rated,Not found
Sandra Hankinson,4 years ago,5,No review text,3,2,False,0,,Not found,Not rated,Not rated,Not rated,Not found
Dario Saidman,4 years ago,5,No review text,178,702,True,0,,Not found,Not rated,Not rated,Not rated,Not found
Ian C,5 years ago,4,No review text,No reviews count,No photos count,False,0,,Not found,Not rated,Not rated,Not rated,Not found
BOB SPROSON,6 years ago,5,No review text,5,No photos count,False,0,,Not found,Not rated,Not rated,Not rated,Not found
andrew benton,2 days ago,3,No review text,3,No photos count,False,0,,Not found,Not rated,4,3,Not found
Justin T,7 months ago,4,No review text,112,172,True,0,,Not found,Not rated,Not rated,Not rated,Not found
martin dalton,6 years ago,3,No review text,1,2,False,0,,Not found,Not rated,Not rated,Not rated,Not found
Ting Tong,2 months ago,5,No review text,18,No photos count,False,0,,£10–20,5,5,5,Not found
Holly Osullivan,4 years ago,2,No review text,No reviews count,1,False,0,,Not found,Not rated,Not rated,Not rated,Not found
Charlotte,4 years ago,3,No review text,54,143,True,0,,Not found,Not rated,Not rated,Not rated,Not found
Emma Jean Finn,6 years ago,3,No review text,5,1,False,0,,Not found,Not rated,Not rated,Not rated,Not found
Sarah lashes,5 years ago,1,No review text,2,No photos count,False,0,,Not found,Not rated,Not rated,Not rated,Not found
Jane Mary,a year ago,4,No review text,33,309,False,0,,Not found,Not rated,Not rated,Not rated,Not found
Bill Hull,9 months ago,4,No review text,2,No photos count,False,0,,Not found,Not rated,Not rated,Not rated,Not found
Theresa Larkin,5 years ago,4,No review text,32,1,True,0,,Not found,Not rated,Not rated,Not rated,Not found
Dan Hawkes,11 months ago,1,No review text,No reviews count,No photos count,False,0,,Not found,Not rated,Not rated,Not rated,Not found
John Pender,3 years ago,4,No review text,15,3,False,0,,Not found,Not rated,Not rated,Not rated,Not found
Deyan Milanov,4 years ago,5,No review text,3,1,False,0,,Not found,Not rated,Not rated,Not rated,Not found
Joseph McGowan,5 years ago,5,No review text,No reviews count,No photos count,False,0,,Not found,Not rated,Not rated,Not rated,Not found
babar Shah,3 months ago,5,No review text,7,No photos count,True,0,,Not found,Not rated,5,5,Not found
Chas Carpenter,2 weeks ago,4,No review text,41,No photos count,False,0,,Not found,Not rated,Not rated,Not rated,Not found
David Long,5 years ago,3,No review text,1,No photos count,False,0,,Not found,Not rated,Not rated,Not rated,Not found
Janet Norgrove,4 years ago,3,No review text,1,No photos count,False,0,,Not found,Not rated,Not rated,Not rated,Not found
Liz Metcalf,6 years ago,5,No review text,1,No photos count,False,0,,Not found,Not rated,Not rated,Not rated,Not found
Linda Freaks,5 months ago,5,No review text,3,No photos count,False,0,,Not found,Not rated,Not rated,Not rated,Not found
Sean Williamson,4 years ago,4,No review text,4,87,True,0,,Not found,Not rated,Not rated,Not rated,Not found
Maria Greaves,3 years ago,3,No review text,1,No photos count,False,0,,Not found,Not rated,Not rated,Not rated,Not found
Keith Richards,4 years ago,2,No review text,451,1218,True,0,,Not found,Not rated,Not rated,Not rated,Not found
Celine Remice,3 years ago,5,No review text,28,No photos count,False,0,,Not found,Not rated,Not rated,Not rated,Not found
Lloyd dale,5 years ago,5,No review text,No reviews count,No photos count,False,0,,Not found,Not rated,Not rated,Not rated,Not found
Phil Keane,3 years ago,4,No review text,15,1,False,0,,Not found,Not rated,Not rated,Not rated,Not found
Diane Holland,4 years ago,5,No review text,2,No photos count,False,0,,Not found,Not rated,Not rated,Not rated,Not found
carl harris,4 years ago,3,No review text,22,No photos count,True,0,,Not found,Not rated,Not rated,Not rated,Not found
Craig Graham,4 years ago,4,No review text,10,101,True,0,,Not found,Not rated,Not rated,Not rated,Not found
Zahir Ghazanfar,3 years ago,5,No review text,No reviews count,2,False,1,https://lh5.googleusercontent.com/p/AF1QipOrLYFCBxxSq6l_oLfjAwmGWGhwjDdewexaimFx=w900-h675-p-k-no,Not found,Not rated,Not rated,Not rated,Not found
